Workbook

Sheet 作業報告書
B2: 修 理 作 業 報 告 書
B5: 船名 | W5: 科目 | AZ5: 型名 | BS5: 製造者
B9: 月／日 | E9: 移 動 | H9: 作業内 (平日) | K9: 作業外 (平日) | N9: 休日 | Q9: 作業者 | T9: 場 所 | W9: 作 業 内 容 | CF9: 所要時間 作業者1 | CP9: 所要時間 作業者2 | CZ9: 所要時間 作業者3 | DJ9: 所要時間 作業者4 | DT9: 所要時間 作業者5
CF11: 移動 | CJ11: =IF(Q11="作業者1",E14-E11,0) | CP11: 移動 | CT11: =IF(Q11="作業者2",E14-E11,0) | CZ11: 移動 | DD11: =IF(Q11="作業者3",E14-E11,0) | DJ11: 移動 | DN11: =IF(Q11="作業者4",E14-E11,0) | DT11: 移動 | DX11: =IF(Q11="作業者5",E14-E11,0)
F12: ～ | I12: ～ | L12: ～ | O12: ～ | CF12: 時間内 | CJ12: =IF(Q11="作業者1",H14-H11,0) | CP12: 時間内 | CT12: =IF(Q11="作業者2",H14-H11,0) | CZ12: 時間内 | DD12: =IF(Q11="作業者3",H14-H11,0) | DJ12: 時間内 | DN12: =IF(Q11="作業者4",H14-H11,0) | DT12: 時間内 | DX12: =IF(Q11="作業者5",H14-H11,0)
CF13: 時間外 | CJ13: =IF(Q11="作業者1",K14-K11,0) | CP13: 時間外 | CT13: =IF(Q11="作業者2",K14-K11,0) | CZ13: 時間外 | DD13: =IF(Q11="作業者3",K14-K11,0) | DJ13: 時間外 | DN13: =IF(Q11="作業者4",K14-K11,0) | DT13: 時間外 | DX13: =IF(Q11="作業者5",K14-K11,0)
CF14: 休日 | CJ14: =IF(Q11="作業者1",N14-N11,0) | CP14: 休日 | CT14: =IF(Q11="作業者2",N14-N11,0) | CZ14: 休日 | DD14: =IF(Q11="作業者3",N14-N11,0) | DJ14: 休日 | DN14: =IF(Q11="作業者4",N14-N11,0) | DT14: 休日 | DX14: =IF(Q11="作業者5",N14-N11,0)
CF15: 移動 | CJ15: =IF(Q15="作業者1",E18-E15,0) | CP15: 移動 | CT15: =IF(Q15="作業者2",E18-E15,0) | CZ15: 移動 | DD15: =IF(Q15="作業者3",E18-E15,0) | DJ15: 移動 | DN15: =IF(Q15="作業者4",E18-E15,0) | DT15: 移動 | DX15: =IF(Q15="作業者5",E18-E15,0)
F16: ～ | I16: ～ | L16: ～ | O16: ～ | CF16: 時間内 | CJ16: =IF(Q15="作業者1",H18-H15,0) | CP16: 時間内 | CT16: =IF(Q15="作業者2",H18-H15,0) | CZ16: 時間内 | DD16: =IF(Q15="作業者3",H18-H15,0) | DJ16: 時間内 | DN16: =IF(Q15="作業者4",H18-H15,0) | DT16: 時間内 | DX16: =IF(Q15="作業者5",H18-H15,0)
CF17: 時間外 | CJ17: =IF(Q15="作業者1",K18-K15,0) | CP17: 時間外 | CT17: =IF(Q15="作業者2",K18-K15,0) | CZ17: 時間外 | DD17: =IF(Q15="作業者3",K18-K15,0) | DJ17: 時間外 | DN17: =IF(Q15="作業者4",K18-K15,0) | DT17: 時間外 | DX17: =IF(Q15="作業者5",K18-K15,0)
CF18: 休日 | CJ18: =IF(Q15="作業者1",N18-N15,0) | CP18: 休日 | CT18: =IF(Q15="作業者2",N18-N15,0) | CZ18: 休日 | DD18: =IF(Q15="作業者3",N18-N15,0) | DJ18: 休日 | DN18: =IF(Q15="作業者4",N18-N15,0) | DT18: 休日 | DX18: =IF(Q15="作業者5",N18-N15,0)
CF19: 移動 | CJ19: =IF(Q19="作業者1",E22-E19,0) | CP19: 移動 | CT19: =IF(Q19="作業者2",E22-E19,0) | CZ19: 移動 | DD19: =IF(Q19="作業者3",E22-E19,0) | DJ19: 移動 | DN19: =IF(Q19="作業者4",E22-E19,0) | DT19: 移動 | DX19: =IF(Q19="作業者5",E22-E19,0)
F20: ～ | I20: ～ | L20: ～ | O20: ～ | CF20: 時間内 | CJ20: =IF(Q19="作業者1",H22-H19,0) | CP20: 時間内 | CT20: =IF(Q19="作業者2",H22-H19,0) | CZ20: 時間内 | DD20: =IF(Q19="作業者3",H22-H19,0) | DJ20: 時間内 | DN20: =IF(Q19="作業者4",H22-H19,0) | DT20: 時間内 | DX20: =IF(Q19="作業者5",H22-H19,0)
CF21: 時間外 | CJ21: =IF(Q19="作業者1",K22-K19,0) | CP21: 時間外 | CT21: =IF(Q19="作業者2",K22-K19,0) | CZ21: 時間外 | DD21: =IF(Q19="作業者3",K22-K19,0) | DJ21: 時間外 | DN21: =IF(Q19="作業者4",K22-K19,0) | DT21: 時間外 | DX21: =IF(Q19="作業者5",K22-K19,0)
CF22: 休日 | CJ22: =IF(Q19="作業者1",N22-N19,0) | CP22: 休日 | CT22: =IF(Q19="作業者2",N22-N19,0) | CZ22: 休日 | DD22: =IF(Q19="作業者3",N22-N19,0) | DJ22: 休日 | DN22: =IF(Q19="作業者4",N22-N19,0) | DT22: 休日 | DX22: =IF(Q19="作業者5",N22-N19,0)
CF23: 移動 | CJ23: =IF(Q23="作業者1",E26-E23,0) | CP23: 移動 | CT23: =IF(Q23="作業者2",E26-E23,0) | CZ23: 移動 | DD23: =IF(Q23="作業者3",E26-E23,0) | DJ23: 移動 | DN23: =IF(Q23="作業者4",E26-E23,0) | DT23: 移動 | DX23: =IF(Q23="作業者5",E26-E23,0)
F24: ～ | I24: ～ | L24: ～ | O24: ～ | CF24: 時間内 | CJ24: =IF(Q23="作業者1",H26-H23,0) | CP24: 時間内 | CT24: =IF(Q23="作業者2",H26-H23,0) | CZ24: 時間内 | DD24: =IF(Q23="作業者3",H26-H23,0) | DJ24: 時間内 | DN24: =IF(Q23="作業者4",H26-H23,0) | DT24: 時間内 | DX24: =IF(Q23="作業者5",H26-H23,0)
CF25: 時間外 | CJ25: =IF(Q23="作業者1",K26-K23,0) | CP25: 時間外 | CT25: =IF(Q23="作業者2",K26-K23,0) | CZ25: 時間外 | DD25: =IF(Q23="作業者3",K26-K23,0) | DJ25: 時間外 | DN25: =IF(Q23="作業者4",K26-K23,0) | DT25: 時間外 | DX25: =IF(Q23="作業者5",K26-K23,0)
CF26: 休日 | CJ26: =IF(Q23="作業者1",N26-N23,0) | CP26: 休日 | CT26: =IF(Q23="作業者2",N26-N23,0) | CZ26: 休日 | DD26: =IF(Q23="作業者3",N26-N23,0) | DJ26: 休日 | DN26: =IF(Q23="作業者4",N26-N23,0) | DT26: 休日 | DX26: =IF(Q23="作業者5",N26-N23,0)
CF27: 移動 | CJ27: =IF(Q27="作業者1",E30-E27,0) | CP27: 移動 | CT27: =IF(Q27="作業者2",E30-E27,0) | CZ27: 移動 | DD27: =IF(Q27="作業者3",E30-E27,0) | DJ27: 移動 | DN27: =IF(Q27="作業者4",E30-E27,0) | DT27: 移動 | DX27: =IF(Q27="作業者5",E30-E27,0)
F28: ～ | I28: ～ | L28: ～ | O28: ～ | CF28: 時間内 | CJ28: =IF(Q27="作業者1",H30-H27,0) | CP28: 時間内 | CT28: =IF(Q27="作業者2",H30-H27,0) | CZ28: 時間内 | DD28: =IF(Q27="作業者3",H30-H27,0) | DJ28: 時間内 | DN28: =IF(Q27="作業者4",H30-H27,0) | DT28: 時間内 | DX28: =IF(Q27="作業者5",H30-H27,0)
CF29: 時間外 | CJ29: =IF(Q27="作業者1",K30-K27,0) | CP29: 時間外 | CT29: =IF(Q27="作業者2",K30-K27,0) | CZ29: 時間外 | DD29: =IF(Q27="作業者3",K30-K27,0) | DJ29: 時間外 | DN29: =IF(Q27="作業者4",K30-K27,0) | DT29: 時間外 | DX29: =IF(Q27="作業者5",K30-K27,0)
CF30: 休日 | CJ30: =IF(Q27="作業者1",N30-N27,0) | CP30: 休日 | CT30: =IF(Q27="作業者2",N30-N27,0) | CZ30: 休日 | DD30: =IF(Q27="作業者3",N30-N27,0) | DJ30: 休日 | DN30: =IF(Q27="作業者4",N30-N27,0) | DT30: 休日 | DX30: =IF(Q27="作業者5",N30-N27,0)
CF31: 移動 | CJ31: =IF(Q31="作業者1",E34-E31,0) | CP31: 移動 | CT31: =IF(Q31="作業者2",E34-E31,0) | CZ31: 移動 | DD31: =IF(Q31="作業者3",E34-E31,0) | DJ31: 移動 | DN31: =IF(Q31="作業者4",E34-E31,0) | DT31: 移動 | DX31: =IF(Q31="作業者5",E34-E31,0)
F32: ～ | I32: ～ | L32: ～ | O32: ～ | CF32: 時間内 | CJ32: =IF(Q31="作業者1",H34-H31,0) | CP32: 時間内 | CT32: =IF(Q31="作業者2",H34-H31,0) | CZ32: 時間内 | DD32: =IF(Q31="作業者3",H34-H31,0) | DJ32: 時間内 | DN32: =IF(Q31="作業者4",H34-H31,0) | DT32: 時間内 | DX32: =IF(Q31="作業者5",H34-H31,0)
CF33: 時間外 | CJ33: =IF(Q31="作業者1",K34-K31,0) | CP33: 時間外 | CT33: =IF(Q31="作業者2",K34-K31,0) | CZ33: 時間外 | DD33: =IF(Q31="作業者3",K34-K31,0) | DJ33: 時間外 | DN33: =IF(Q31="作業者4",K34-K31,0) | DT33: 時間外 | DX33: =IF(Q31="作業者5",K34-K31,0)
CF34: 休日 | CJ34: =IF(Q31="作業者1",N34-N31,0) | CP34: 休日 | CT34: =IF(Q31="作業者2",N34-N31,0) | CZ34: 休日 | DD34: =IF(Q31="作業者3",N34-N31,0) | DJ34: 休日 | DN34: =IF(Q31="作業者4",N34-N31,0) | DT34: 休日 | DX34: =IF(Q31="作業者5",N34-N31,0)
CF35: 移動 | CJ35: =IF(Q35="作業者1",E38-E35,0) | CP35: 移動 | CT35: =IF(Q35="作業者2",E38-E35,0) | CZ35: 移動 | DD35: =IF(Q35="作業者3",E38-E35,0) | DJ35: 移動 | DN35: =IF(Q35="作業者4",E38-E35,0) | DT35: 移動 | DX35: =IF(Q35="作業者5",E38-E35,0)
F36: ～ | I36: ～ | L36: ～ | O36: ～ | CF36: 時間内 | CJ36: =IF(Q35="作業者1",H38-H35,0) | CP36: 時間内 | CT36: =IF(Q35="作業者2",H38-H35,0) | CZ36: 時間内 | DD36: =IF(Q35="作業者3",H38-H35,0) | DJ36: 時間内 | DN36: =IF(Q35="作業者4",H38-H35,0) | DT36: 時間内 | DX36: =IF(Q35="作業者5",H38-H35,0)
CF37: 時間外 | CJ37: =IF(Q35="作業者1",K38-K35,0) | CP37: 時間外 | CT37: =IF(Q35="作業者2",K38-K35,0) | CZ37: 時間外 | DD37: =IF(Q35="作業者3",K38-K35,0) | DJ37: 時間外 | DN37: =IF(Q35="作業者4",K38-K35,0) | DT37: 時間外 | DX37: =IF(Q35="作業者5",K38-K35,0)
CF38: 休日 | CJ38: =IF(Q35="作業者1",N38-N35,0) | CP38: 休日 | CT38: =IF(Q35="作業者2",N38-N35,0) | CZ38: 休日 | DD38: =IF(Q35="作業者3",N38-N35,0) | DJ38: 休日 | DN38: =IF(Q35="作業者4",N38-N35,0) | DT38: 休日 | DX38: =IF(Q35="作業者5",N38-N35,0)
CF39: 移動 | CJ39: =IF(Q39="作業者1",E42-E39,0) | CP39: 移動 | CT39: =IF(Q39="作業者2",E42-E39,0) | CZ39: 移動 | DD39: =IF(Q39="作業者3",E42-E39,0) | DJ39: 移動 | DN39: =IF(Q39="作業者4",E42-E39,0) | DT39: 移動 | DX39: =IF(Q39="作業者5",E42-E39,0)
F40: ～ | I40: ～ | L40: ～ | O40: ～ | CF40: 時間内 | CJ40: =IF(Q39="作業者1",H42-H39,0) | CP40: 時間内 | CT40: =IF(Q39="作業者2",H42-H39,0) | CZ40: 時間内 | DD40: =IF(Q39="作業者3",H42-H39,0) | DJ40: 時間内 | DN40: =IF(Q39="作業者4",H42-H39,0) | DT40: 時間内 | DX40: =IF(Q39="作業者5",H42-H39,0)
CF41: 時間外 | CJ41: =IF(Q39="作業者1",K42-K39,0) | CP41: 時間外 | CT41: =IF(Q39="作業者2",K42-K39,0) | CZ41: 時間外 | DD41: =IF(Q39="作業者3",K42-K39,0) | DJ41: 時間外 | DN41: =IF(Q39="作業者4",K42-K39,0) | DT41: 時間外 | DX41: =IF(Q39="作業者5",K42-K39,0)
CF42: 休日 | CJ42: =IF(Q39="作業者1",N42-N39,0) | CP42: 休日 | CT42: =IF(Q39="作業者2",N42-N39,0) | CZ42: 休日 | DD42: =IF(Q39="作業者3",N42-N39,0) | DJ42: 休日 | DN42: =IF(Q39="作業者4",N42-N39,0) | DT42: 休日 | DX42: =IF(Q39="作業者5",N42-N39,0)
CF43: 移動 | CJ43: =IF(Q43="作業者1",E46-E43,0) | CP43: 移動 | CT43: =IF(Q43="作業者2",E46-E43,0) | CZ43: 移動 | DD43: =IF(Q43="作業者3",E46-E43,0) | DJ43: 移動 | DN43: =IF(Q43="作業者4",E46-E43,0) | DT43: 移動 | DX43: =IF(Q43="作業者5",E46-E43,0)
F44: ～ | I44: ～ | L44: ～ | O44: ～ | CF44: 時間内 | CJ44: =IF(Q43="作業者1",H46-H43,0) | CP44: 時間内 | CT44: =IF(Q43="作業者2",H46-H43,0) | CZ44: 時間内 | DD44: =IF(Q43="作業者3",H46-H43,0) | DJ44: 時間内 | DN44: =IF(Q43="作業者4",H46-H43,0) | DT44: 時間内 | DX44: =IF(Q43="作業者5",H46-H43,0)
CF45: 時間外 | CJ45: =IF(Q43="作業者1",K46-K43,0) | CP45: 時間外 | CT45: =IF(Q43="作業者2",K46-K43,0) | CZ45: 時間外 | DD45: =IF(Q43="作業者3",K46-K43,0) | DJ45: 時間外 | DN45: =IF(Q43="作業者4",K46-K43,0) | DT45: 時間外 | DX45: =IF(Q43="作業者5",K46-K43,0)
CF46: 休日 | CJ46: =IF(Q43="作業者1",N46-N43,0) | CP46: 休日 | CT46: =IF(Q43="作業者2",N46-N43,0) | CZ46: 休日 | DD46: =IF(Q43="作業者3",N46-N43,0) | DJ46: 休日 | DN46: =IF(Q43="作業者4",N46-N43,0) | DT46: 休日 | DX46: =IF(Q43="作業者5",N46-N43,0)
CF47: 移動 | CJ47: =IF(Q47="作業者1",E50-E47,0) | CP47: 移動 | CT47: =IF(Q47="作業者2",E50-E47,0) | CZ47: 移動 | DD47: =IF(Q47="作業者3",E50-E47,0) | DJ47: 移動 | DN47: =IF(Q47="作業者4",E50-E47,0) | DT47: 移動 | DX47: =IF(Q47="作業者5",E50-E47,0)
F48: ～ | I48: ～ | L48: ～ | O48: ～ | CF48: 時間内 | CJ48: =IF(Q47="作業者1",H50-H47,0) | CP48: 時間内 | CT48: =IF(Q47="作業者2",H50-H47,0) | CZ48: 時間内 | DD48: =IF(Q47="作業者3",H50-H47,0) | DJ48: 時間内 | DN48: =IF(Q47="作業者4",H50-H47,0) | DT48: 時間内 | DX48: =IF(Q47="作業者5",H50-H47,0)
CF49: 時間外 | CJ49: =IF(Q47="作業者1",K50-K47,0) | CP49: 時間外 | CT49: =IF(Q47="作業者2",K50-K47,0) | CZ49: 時間外 | DD49: =IF(Q47="作業者3",K50-K47,0) | DJ49: 時間外 | DN49: =IF(Q47="作業者4",K50-K47,0) | DT49: 時間外 | DX49: =IF(Q47="作業者5",K50-K47,0)
CF50: 休日 | CJ50: =IF(Q47="作業者1",N50-N47,0) | CP50: 休日 | CT50: =IF(Q47="作業者2",N50-N47,0) | CZ50: 休日 | DD50: =IF(Q47="作業者3",N50-N47,0) | DJ50: 休日 | DN50: =IF(Q47="作業者4",N50-N47,0) | DT50: 休日 | DX50: =IF(Q47="作業者5",N50-N47,0)
CF51: 移動 | CJ51: =IF(Q51="作業者1",E54-E51,0) | CP51: 移動 | CT51: =IF(Q51="作業者2",E54-E51,0) | CZ51: 移動 | DD51: =IF(Q51="作業者3",E54-E51,0) | DJ51: 移動 | DN51: =IF(Q51="作業者4",E54-E51,0) | DT51: 移動 | DX51: =IF(Q51="作業者5",E54-E51,0)
F52: ～ | I52: ～ | L52: ～ | O52: ～ | CF52: 時間内 | CJ52: =IF(Q51="作業者1",H54-H51,0) | CP52: 時間内 | CT52: =IF(Q51="作業者2",H54-H51,0) | CZ52: 時間内 | DD52: =IF(Q51="作業者3",H54-H51,0) | DJ52: 時間内 | DN52: =IF(Q51="作業者4",H54-H51,0) | DT52: 時間内 | DX52: =IF(Q51="作業者5",H54-H51,0)
CF53: 時間外 | CJ53: =IF(Q51="作業者1",K54-K51,0) | CP53: 時間外 | CT53: =IF(Q51="作業者2",K54-K51,0) | CZ53: 時間外 | DD53: =IF(Q51="作業者3",K54-K51,0) | DJ53: 時間外 | DN53: =IF(Q51="作業者4",K54-K51,0) | DT53: 時間外 | DX53: =IF(Q51="作業者5",K54-K51,0)
CF54: 休日 | CJ54: =IF(Q51="作業者1",N54-N51,0) | CP54: 休日 | CT54: =IF(Q51="作業者2",N54-N51,0) | CZ54: 休日 | DD54: =IF(Q51="作業者3",N54-N51,0) | DJ54: 休日 | DN54: =IF(Q51="作業者4",N54-N51,0) | DT54: 休日 | DX54: =IF(Q51="作業者5",N54-N51,0)
CF55: 移動 | CJ55: =IF(Q55="作業者1",E58-E55,0) | CP55: 移動 | CT55: =IF(Q55="作業者2",E58-E55,0) | CZ55: 移動 | DD55: =IF(Q55="作業者3",E58-E55,0) | DJ55: 移動 | DN55: =IF(Q55="作業者4",E58-E55,0) | DT55: 移動 | DX55: =IF(Q55="作業者5",E58-E55,0)
F56: ～ | I56: ～ | L56: ～ | O56: ～ | CF56: 時間内 | CJ56: =IF(Q55="作業者1",H58-H55,0) | CP56: 時間内 | CT56: =IF(Q55="作業者2",H58-H55,0) | CZ56: 時間内 | DD56: =IF(Q55="作業者3",H58-H55,0) | DJ56: 時間内 | DN56: =IF(Q55="作業者4",H58-H55,0) | DT56: 時間内 | DX56: =IF(Q55="作業者5",H58-H55,0)
CF57: 時間外 | CJ57: =IF(Q55="作業者1",K58-K55,0) | CP57: 時間外 | CT57: =IF(Q55="作業者2",K58-K55,0) | CZ57: 時間外 | DD57: =IF(Q55="作業者3",K58-K55,0) | DJ57: 時間外 | DN57: =IF(Q55="作業者4",K58-K55,0) | DT57: 時間外 | DX57: =IF(Q55="作業者5",K58-K55,0)
CF58: 休日 | CJ58: =IF(Q55="作業者1",N58-N55,0) | CP58: 休日 | CT58: =IF(Q55="作業者2",N58-N55,0) | CZ58: 休日 | DD58: =IF(Q55="作業者3",N58-N55,0) | DJ58: 休日 | DN58: =IF(Q55="作業者4",N58-N55,0) | DT58: 休日 | DX58: =IF(Q55="作業者5",N58-N55,0)
CF59: 移動 | CJ59: =IF(Q59="作業者1",E62-E59,0) | CP59: 移動 | CT59: =IF(Q59="作業者2",E62-E59,0) | CZ59: 移動 | DD59: =IF(Q59="作業者3",E62-E59,0) | DJ59: 移動 | DN59: =IF(Q59="作業者4",E62-E59,0) | DT59: 移動 | DX59: =IF(Q59="作業者5",E62-E59,0)
F60: ～ | I60: ～ | L60: ～ | O60: ～ | CF60: 時間内 | CJ60: =IF(Q59="作業者1",H62-H59,0) | CP60: 時間内 | CT60: =IF(Q59="作業者2",H62-H59,0) | CZ60: 時間内 | DD60: =IF(Q59="作業者3",H62-H59,0) | DJ60: 時間内 | DN60: =IF(Q59="作業者4",H62-H59,0) | DT60: 時間内 | DX60: =IF(Q59="作業者5",H62-H59,0)
CF61: 時間外 | CJ61: =IF(Q59="作業者1",K62-K59,0) | CP61: 時間外 | CT61: =IF(Q59="作業者2",K62-K59,0) | CZ61: 時間外 | DD61: =IF(Q59="作業者3",K62-K59,0) | DJ61: 時間外 | DN61: =IF(Q59="作業者4",K62-K59,0) | DT61: 時間外 | DX61: =IF(Q59="作業者5",K62-K59,0)
CF62: 休日 | CJ62: =IF(Q59="作業者1",N62-N59,0) | CP62: 休日 | CT62: =IF(Q59="作業者2",N62-N59,0) | CZ62: 休日 | DD62: =IF(Q59="作業者3",N62-N59,0) | DJ62: 休日 | DN62: =IF(Q59="作業者4",N62-N59,0) | DT62: 休日 | DX62: =IF(Q59="作業者5",N62-N59,0)
CF63: 移動 | CJ63: =IF(Q63="作業者1",E66-E63,0) | CP63: 移動 | CT63: =IF(Q63="作業者2",E66-E63,0) | CZ63: 移動 | DD63: =IF(Q63="作業者3",E66-E63,0) | DJ63: 移動 | DN63: =IF(Q63="作業者4",E66-E63,0) | DT63: 移動 | DX63: =IF(Q63="作業者5",E66-E63,0)
F64: ～ | I64: ～ | L64: ～ | O64: ～ | CF64: 時間内 | CJ64: =IF(Q63="作業者1",H66-H63,0) | CP64: 時間内 | CT64: =IF(Q63="作業者2",H66-H63,0) | CZ64: 時間内 | DD64: =IF(Q63="作業者3",H66-H63,0) | DJ64: 時間内 | DN64: =IF(Q63="作業者4",H66-H63,0) | DT64: 時間内 | DX64: =IF(Q63="作業者5",H66-H63,0)
CF65: 時間外 | CJ65: =IF(Q63="作業者1",K66-K63,0) | CP65: 時間外 | CT65: =IF(Q63="作業者2",K66-K63,0) | CZ65: 時間外 | DD65: =IF(Q63="作業者3",K66-K63,0) | DJ65: 時間外 | DN65: =IF(Q63="作業者4",K66-K63,0) | DT65: 時間外 | DX65: =IF(Q63="作業者5",K66-K63,0)
CF66: 休日 | CJ66: =IF(Q63="作業者1",N66-N63,0) | CP66: 休日 | CT66: =IF(Q63="作業者2",N66-N63,0) | CZ66: 休日 | DD66: =IF(Q63="作業者3",N66-N63,0) | DJ66: 休日 | DN66: =IF(Q63="作業者4",N66-N63,0) | DT66: 休日 | DX66: =IF(Q63="作業者5",N66-N63,0)
B68: 月／日 | E68: 移 動 | H68: 作業内 (平日) | K68: 作業外 (平日) | N68: 休日 | Q68: 作業者 | T68: 場 所 | W68: 作 業 内 容 | CF68: 所要時間 作業者1 | CP68: 所要時間 作業者2 | CZ68: 所要時間 作業者3 | DJ68: 所要時間 作業者4 | DT68: 所要時間 作業者5
CF70: 移動 | CJ70: =IF(Q70="作業者1",E73-E70,0) | CP70: 移動 | CT70: =IF(Q70="作業者2",E73-E70,0) | CZ70: 移動 | DD70: =IF(Q70="作業者3",E73-E70,0) | DJ70: 移動 | DN70: =IF(Q70="作業者4",E73-E70,0) | DT70: 移動 | DX70: =IF(Q70="作業者5",E73-E70,0)
F71: ～ | I71: ～ | L71: ～ | O71: ～ | CF71: 時間内 | CJ71: =IF(Q70="作業者1",H73-H70,0) | CP71: 時間内 | CT71: =IF(Q70="作業者2",H73-H70,0) | CZ71: 時間内 | DD71: =IF(Q70="作業者3",H73-H70,0) | DJ71: 時間内 | DN71: =IF(Q70="作業者4",H73-H70,0) | DT71: 時間内 | DX71: =IF(Q70="作業者5",H73-H70,0)
CF72: 時間外 | CJ72: =IF(Q70="作業者1",K73-K70,0) | CP72: 時間外 | CT72: =IF(Q70="作業者2",K73-K70,0) | CZ72: 時間外 | DD72: =IF(Q70="作業者3",K73-K70,0) | DJ72: 時間外 | DN72: =IF(Q70="作業者4",K73-K70,0) | DT72: 時間外 | DX72: =IF(Q70="作業者5",K73-K70,0)
CF73: 休日 | CJ73: =IF(Q70="作業者1",N73-N70,0) | CP73: 休日 | CT73: =IF(Q70="作業者2",N73-N70,0) | CZ73: 休日 | DD73: =IF(Q70="作業者3",N73-N70,0) | DJ73: 休日 | DN73: =IF(Q70="作業者4",N73-N70,0) | DT73: 休日 | DX73: =IF(Q70="作業者5",N73-N70,0)
CF74: 移動 | CJ74: =IF(Q74="作業者1",E77-E74,0) | CP74: 移動 | CT74: =IF(Q74="作業者2",E77-E74,0) | CZ74: 移動 | DD74: =IF(Q74="作業者3",E77-E74,0) | DJ74: 移動 | DN74: =IF(Q74="作業者4",E77-E74,0) | DT74: 移動 | DX74: =IF(Q74="作業者5",E77-E74,0)
F75: ～ | I75: ～ | L75: ～ | O75: ～ | CF75: 時間内 | CJ75: =IF(Q74="作業者1",H77-H74,0) | CP75: 時間内 | CT75: =IF(Q74="作業者2",H77-H74,0) | CZ75: 時間内 | DD75: =IF(Q74="作業者3",H77-H74,0) | DJ75: 時間内 | DN75: =IF(Q74="作業者4",H77-H74,0) | DT75: 時間内 | DX75: =IF(Q74="作業者5",H77-H74,0)
CF76: 時間外 | CJ76: =IF(Q74="作業者1",K77-K74,0) | CP76: 時間外 | CT76: =IF(Q74="作業者2",K77-K74,0) | CZ76: 時間外 | DD76: =IF(Q74="作業者3",K77-K74,0) | DJ76: 時間外 | DN76: =IF(Q74="作業者4",K77-K74,0) | DT76: 時間外 | DX76: =IF(Q74="作業者5",K77-K74,0)
CF77: 休日 | CJ77: =IF(Q74="作業者1",N77-N74,0) | CP77: 休日 | CT77: =IF(Q74="作業者2",N77-N74,0) | CZ77: 休日 | DD77: =IF(Q74="作業者3",N77-N74,0) | DJ77: 休日 | DN77: =IF(Q74="作業者4",N77-N74,0) | DT77: 休日 | DX77: =IF(Q74="作業者5",N77-N74,0)
CF78: 移動 | CJ78: =IF(Q78="作業者1",E81-E78,0) | CP78: 移動 | CT78: =IF(Q78="作業者2",E81-E78,0) | CZ78: 移動 | DD78: =IF(Q78="作業者3",E81-E78,0) | DJ78: 移動 | DN78: =IF(Q78="作業者4",E81-E78,0) | DT78: 移動 | DX78: =IF(Q78="作業者5",E81-E78,0)
F79: ～ | I79: ～ | L79: ～ | O79: ～ | CF79: 時間内 | CJ79: =IF(Q78="作業者1",H81-H78,0) | CP79: 時間内 | CT79: =IF(Q78="作業者2",H81-H78,0) | CZ79: 時間内 | DD79: =IF(Q78="作業者3",H81-H78,0) | DJ79: 時間内 | DN79: =IF(Q78="作業者4",H81-H78,0) | DT79: 時間内 | DX79: =IF(Q78="作業者5",H81-H78,0)
CF80: 時間外 | CJ80: =IF(Q78="作業者1",K81-K78,0) | CP80: 時間外 | CT80: =IF(Q78="作業者2",K81-K78,0) | CZ80: 時間外 | DD80: =IF(Q78="作業者3",K81-K78,0) | DJ80: 時間外 | DN80: =IF(Q78="作業者4",K81-K78,0) | DT80: 時間外 | DX80: =IF(Q78="作業者5",K81-K78,0)
CF81: 休日 | CJ81: =IF(Q78="作業者1",N81-N78,0) | CP81: 休日 | CT81: =IF(Q78="作業者2",N81-N78,0) | CZ81: 休日 | DD81: =IF(Q78="作業者3",N81-N78,0) | DJ81: 休日 | DN81: =IF(Q78="作業者4",N81-N78,0) | DT81: 休日 | DX81: =IF(Q78="作業者5",N81-N78,0)
CF82: 移動 | CJ82: =IF(Q82="作業者1",E85-E82,0) | CP82: 移動 | CT82: =IF(Q82="作業者2",E85-E82,0) | CZ82: 移動 | DD82: =IF(Q82="作業者3",E85-E82,0) | DJ82: 移動 | DN82: =IF(Q82="作業者4",E85-E82,0) | DT82: 移動 | DX82: =IF(Q82="作業者5",E85-E82,0)
F83: ～ | I83: ～ | L83: ～ | O83: ～ | CF83: 時間内 | CJ83: =IF(Q82="作業者1",H85-H82,0) | CP83: 時間内 | CT83: =IF(Q82="作業者2",H85-H82,0) | CZ83: 時間内 | DD83: =IF(Q82="作業者3",H85-H82,0) | DJ83: 時間内 | DN83: =IF(Q82="作業者4",H85-H82,0) | DT83: 時間内 | DX83: =IF(Q82="作業者5",H85-H82,0)
CF84: 時間外 | CJ84: =IF(Q82="作業者1",K85-K82,0) | CP84: 時間外 | CT84: =IF(Q82="作業者2",K85-K82,0) | CZ84: 時間外 | DD84: =IF(Q82="作業者3",K85-K82,0) | DJ84: 時間外 | DN84: =IF(Q82="作業者4",K85-K82,0) | DT84: 時間外 | DX84: =IF(Q82="作業者5",K85-K82,0)
CF85: 休日 | CJ85: =IF(Q82="作業者1",N85-N82,0) | CP85: 休日 | CT85: =IF(Q82="作業者2",N85-N82,0) | CZ85: 休日 | DD85: =IF(Q82="作業者3",N85-N82,0) | DJ85: 休日 | DN85: =IF(Q82="作業者4",N85-N82,0) | DT85: 休日 | DX85: =IF(Q82="作業者5",N85-N82,0)
CF86: 移動 | CJ86: =IF(Q86="作業者1",E89-E86,0) | CP86: 移動 | CT86: =IF(Q86="作業者2",E89-E86,0) | CZ86: 移動 | DD86: =IF(Q86="作業者3",E89-E86,0) | DJ86: 移動 | DN86: =IF(Q86="作業者4",E89-E86,0) | DT86: 移動 | DX86: =IF(Q86="作業者5",E89-E86,0)
F87: ～ | I87: ～ | L87: ～ | O87: ～ | CF87: 時間内 | CJ87: =IF(Q86="作業者1",H89-H86,0) | CP87: 時間内 | CT87: =IF(Q86="作業者2",H89-H86,0) | CZ87: 時間内 | DD87: =IF(Q86="作業者3",H89-H86,0) | DJ87: 時間内 | DN87: =IF(Q86="作業者4",H89-H86,0) | DT87: 時間内 | DX87: =IF(Q86="作業者5",H89-H86,0)
CF88: 時間外 | CJ88: =IF(Q86="作業者1",K89-K86,0) | CP88: 時間外 | CT88: =IF(Q86="作業者2",K89-K86,0) | CZ88: 時間外 | DD88: =IF(Q86="作業者3",K89-K86,0) | DJ88: 時間外 | DN88: =IF(Q86="作業者4",K89-K86,0) | DT88: 時間外 | DX88: =IF(Q86="作業者5",K89-K86,0)
CF89: 休日 | CJ89: =IF(Q86="作業者1",N89-N86,0) | CP89: 休日 | CT89: =IF(Q86="作業者2",N89-N86,0) | CZ89: 休日 | DD89: =IF(Q86="作業者3",N89-N86,0) | DJ89: 休日 | DN89: =IF(Q86="作業者4",N89-N86,0) | DT89: 休日 | DX89: =IF(Q86="作業者5",N89-N86,0)
CF90: 移動 | CJ90: =IF(Q90="作業者1",E93-E90,0) | CP90: 移動 | CT90: =IF(Q90="作業者2",E93-E90,0) | CZ90: 移動 | DD90: =IF(Q90="作業者3",E93-E90,0) | DJ90: 移動 | DN90: =IF(Q90="作業者4",E93-E90,0) | DT90: 移動 | DX90: =IF(Q90="作業者5",E93-E90,0)
F91: ～ | I91: ～ | L91: ～ | O91: ～ | CF91: 時間内 | CJ91: =IF(Q90="作業者1",H93-H90,0) | CP91: 時間内 | CT91: =IF(Q90="作業者2",H93-H90,0) | CZ91: 時間内 | DD91: =IF(Q90="作業者3",H93-H90,0) | DJ91: 時間内 | DN91: =IF(Q90="作業者4",H93-H90,0) | DT91: 時間内 | DX91: =IF(Q90="作業者5",H93-H90,0)
CF92: 時間外 | CJ92: =IF(Q90="作業者1",K93-K90,0) | CP92: 時間外 | CT92: =IF(Q90="作業者2",K93-K90,0) | CZ92: 時間外 | DD92: =IF(Q90="作業者3",K93-K90,0) | DJ92: 時間外 | DN92: =IF(Q90="作業者4",K93-K90,0) | DT92: 時間外 | DX92: =IF(Q90="作業者5",K93-K90,0)
CF93: 休日 | CJ93: =IF(Q90="作業者1",N93-N90,0) | CP93: 休日 | CT93: =IF(Q90="作業者2",N93-N90,0) | CZ93: 休日 | DD93: =IF(Q90="作業者3",N93-N90,0) | DJ93: 休日 | DN93: =IF(Q90="作業者4",N93-N90,0) | DT93: 休日 | DX93: =IF(Q90="作業者5",N93-N90,0)
CF94: 移動 | CJ94: =IF(Q94="作業者1",E97-E94,0) | CP94: 移動 | CT94: =IF(Q94="作業者2",E97-E94,0) | CZ94: 移動 | DD94: =IF(Q94="作業者3",E97-E94,0) | DJ94: 移動 | DN94: =IF(Q94="作業者4",E97-E94,0) | DT94: 移動 | DX94: =IF(Q94="作業者5",E97-E94,0)
F95: ～ | I95: ～ | L95: ～ | O95: ～ | CF95: 時間内 | CJ95: =IF(Q94="作業者1",H97-H94,0) | CP95: 時間内 | CT95: =IF(Q94="作業者2",H97-H94,0) | CZ95: 時間内 | DD95: =IF(Q94="作業者3",H97-H94,0) | DJ95: 時間内 | DN95: =IF(Q94="作業者4",H97-H94,0) | DT95: 時間内 | DX95: =IF(Q94="作業者5",H97-H94,0)
CF96: 時間外 | CJ96: =IF(Q94="作業者1",K97-K94,0) | CP96: 時間外 | CT96: =IF(Q94="作業者2",K97-K94,0) | CZ96: 時間外 | DD96: =IF(Q94="作業者3",K97-K94,0) | DJ96: 時間外 | DN96: =IF(Q94="作業者4",K97-K94,0) | DT96: 時間外 | DX96: =IF(Q94="作業者5",K97-K94,0)
CF97: 休日 | CJ97: =IF(Q94="作業者1",N97-N94,0) | CP97: 休日 | CT97: =IF(Q94="作業者2",N97-N94,0) | CZ97: 休日 | DD97: =IF(Q94="作業者3",N97-N94,0) | DJ97: 休日 | DN97: =IF(Q94="作業者4",N97-N94,0) | DT97: 休日 | DX97: =IF(Q94="作業者5",N97-N94,0)
CF98: 移動 | CJ98: =IF(Q98="作業者1",E101-E98,0) | CP98: 移動 | CT98: =IF(Q98="作業者2",E101-E98,0) | CZ98: 移動 | DD98: =IF(Q98="作業者3",E101-E98,0) | DJ98: 移動 | DN98: =IF(Q98="作業者4",E101-E98,0) | DT98: 移動 | DX98: =IF(Q98="作業者5",E101-E98,0)
F99: ～ | I99: ～ | L99: ～ | O99: ～ | CF99: 時間内 | CJ99: =IF(Q98="作業者1",H101-H98,0) | CP99: 時間内 | CT99: =IF(Q98="作業者2",H101-H98,0) | CZ99: 時間内 | DD99: =IF(Q98="作業者3",H101-H98,0) | DJ99: 時間内 | DN99: =IF(Q98="作業者4",H101-H98,0) | DT99: 時間内 | DX99: =IF(Q98="作業者5",H101-H98,0)
CF100: 時間外 | CJ100: =IF(Q98="作業者1",K101-K98,0) | CP100: 時間外 | CT100: =IF(Q98="作業者2",K101-K98,0) | CZ100: 時間外 | DD100: =IF(Q98="作業者3",K101-K98,0) | DJ100: 時間外 | DN100: =IF(Q98="作業者4",K101-K98,0) | DT100: 時間外 | DX100: =IF(Q98="作業者5",K101-K98,0)
CF101: 休日 | CJ101: =IF(Q98="作業者1",N101-N98,0) | CP101: 休日 | CT101: =IF(Q98="作業者2",N101-N98,0) | CZ101: 休日 | DD101: =IF(Q98="作業者3",N101-N98,0) | DJ101: 休日 | DN101: =IF(Q98="作業者4",N101-N98,0) | DT101: 休日 | DX101: =IF(Q98="作業者5",N101-N98,0)
CF102: 移動 | CJ102: =IF(Q102="作業者1",E105-E102,0) | CP102: 移動 | CT102: =IF(Q102="作業者2",E105-E102,0) | CZ102: 移動 | DD102: =IF(Q102="作業者3",E105-E102,0) | DJ102: 移動 | DN102: =IF(Q102="作業者4",E105-E102,0) | DT102: 移動 | DX102: =IF(Q102="作業者5",E105-E102,0)
F103: ～ | I103: ～ | L103: ～ | O103: ～ | CF103: 時間内 | CJ103: =IF(Q102="作業者1",H105-H102,0) | CP103: 時間内 | CT103: =IF(Q102="作業者2",H105-H102,0) | CZ103: 時間内 | DD103: =IF(Q102="作業者3",H105-H102,0) | DJ103: 時間内 | DN103: =IF(Q102="作業者4",H105-H102,0) | DT103: 時間内 | DX103: =IF(Q102="作業者5",H105-H102,0)
CF104: 時間外 | CJ104: =IF(Q102="作業者1",K105-K102,0) | CP104: 時間外 | CT104: =IF(Q102="作業者2",K105-K102,0) | CZ104: 時間外 | DD104: =IF(Q102="作業者3",K105-K102,0) | DJ104: 時間外 | DN104: =IF(Q102="作業者4",K105-K102,0) | DT104: 時間外 | DX104: =IF(Q102="作業者5",K105-K102,0)
CF105: 休日 | CJ105: =IF(Q102="作業者1",N105-N102,0) | CP105: 休日 | CT105: =IF(Q102="作業者2",N105-N102,0) | CZ105: 休日 | DD105: =IF(Q102="作業者3",N105-N102,0) | DJ105: 休日 | DN105: =IF(Q102="作業者4",N105-N102,0) | DT105: 休日 | DX105: =IF(Q102="作業者5",N105-N102,0)
CF106: 移動 | CJ106: =IF(Q106="作業者1",E109-E106,0) | CP106: 移動 | CT106: =IF(Q106="作業者2",E109-E106,0) | CZ106: 移動 | DD106: =IF(Q106="作業者3",E109-E106,0) | DJ106: 移動 | DN106: =IF(Q106="作業者4",E109-E106,0) | DT106: 移動 | DX106: =IF(Q106="作業者5",E109-E106,0)
F107: ～ | I107: ～ | L107: ～ | O107: ～ | CF107: 時間内 | CJ107: =IF(Q106="作業者1",H109-H106,0) | CP107: 時間内 | CT107: =IF(Q106="作業者2",H109-H106,0) | CZ107: 時間内 | DD107: =IF(Q106="作業者3",H109-H106,0) | DJ107: 時間内 | DN107: =IF(Q106="作業者4",H109-H106,0) | DT107: 時間内 | DX107: =IF(Q106="作業者5",H109-H106,0)
CF108: 時間外 | CJ108: =IF(Q106="作業者1",K109-K106,0) | CP108: 時間外 | CT108: =IF(Q106="作業者2",K109-K106,0) | CZ108: 時間外 | DD108: =IF(Q106="作業者3",K109-K106,0) | DJ108: 時間外 | DN108: =IF(Q106="作業者4",K109-K106,0) | DT108: 時間外 | DX108: =IF(Q106="作業者5",K109-K106,0)
CF109: 休日 | CJ109: =IF(Q106="作業者1",N109-N106,0) | CP109: 休日 | CT109: =IF(Q106="作業者2",N109-N106,0) | CZ109: 休日 | DD109: =IF(Q106="作業者3",N109-N106,0) | DJ109: 休日 | DN109: =IF(Q106="作業者4",N109-N106,0) | DT109: 休日 | DX109: =IF(Q106="作業者5",N109-N106,0)
...

Sheet 作業報告書 (2)
B2: 月／日 | E2: 移 動 | H2: 作業内 (平日) | K2: 作業外 (平日) | N2: 休日 | Q2: 作業者 | T2: 場 所 | W2: 作 業 内 容 | CF2: 所要時間 作業者1 | CP2: 所要時間 作業者2 | CZ2: 所要時間 作業者3 | DJ2: 所要時間 作業者4 | DT2: 所要時間 作業者5
CF4: 移動 | CJ4: =IF(Q4="作業者1",E7-E4,0) | CP4: 移動 | CT4: =IF(Q4="作業者2",E7-E4,0) | CZ4: 移動 | DD4: =IF(Q4="作業者3",E7-E4,0) | DJ4: 移動 | DN4: =IF(Q4="作業者4",E7-E4,0) | DT4: 移動 | DX4: =IF(Q4="作業者5",E7-E4,0)
F5: ～ | I5: ～ | L5: ～ | O5: ～ | CF5: 時間内 | CJ5: =IF(Q4="作業者1",H7-H4,0) | CP5: 時間内 | CT5: =IF(Q4="作業者2",H7-H4,0) | CZ5: 時間内 | DD5: =IF(Q4="作業者3",H7-H4,0) | DJ5: 時間内 | DN5: =IF(Q4="作業者4",H7-H4,0) | DT5: 時間内 | DX5: =IF(Q4="作業者5",H7-H4,0)
CF6: 時間外 | CJ6: =IF(Q4="作業者1",K7-K4,0) | CP6: 時間外 | CT6: =IF(Q4="作業者2",K7-K4,0) | CZ6: 時間外 | DD6: =IF(Q4="作業者3",K7-K4,0) | DJ6: 時間外 | DN6: =IF(Q4="作業者4",K7-K4,0) | DT6: 時間外 | DX6: =IF(Q4="作業者5",K7-K4,0)
CF7: 休日 | CJ7: =IF(Q4="作業者1",N7-N4,0) | CP7: 休日 | CT7: =IF(Q4="作業者2",N7-N4,0) | CZ7: 休日 | DD7: =IF(Q4="作業者3",N7-N4,0) | DJ7: 休日 | DN7: =IF(Q4="作業者4",N7-N4,0) | DT7: 休日 | DX7: =IF(Q4="作業者5",N7-N4,0)
CF8: 移動 | CJ8: =IF(Q8="作業者1",E11-E8,0) | CP8: 移動 | CT8: =IF(Q8="作業者2",E11-E8,0) | CZ8: 移動 | DD8: =IF(Q8="作業者3",E11-E8,0) | DJ8: 移動 | DN8: =IF(Q8="作業者4",E11-E8,0) | DT8: 移動 | DX8: =IF(Q8="作業者5",E11-E8,0)
F9: ～ | I9: ～ | L9: ～ | O9: ～ | CF9: 時間内 | CJ9: =IF(Q8="作業者1",H11-H8,0) | CP9: 時間内 | CT9: =IF(Q8="作業者2",H11-H8,0) | CZ9: 時間内 | DD9: =IF(Q8="作業者3",H11-H8,0) | DJ9: 時間内 | DN9: =IF(Q8="作業者4",H11-H8,0) | DT9: 時間内 | DX9: =IF(Q8="作業者5",H11-H8,0)
CF10: 時間外 | CJ10: =IF(Q8="作業者1",K11-K8,0) | CP10: 時間外 | CT10: =IF(Q8="作業者2",K11-K8,0) | CZ10: 時間外 | DD10: =IF(Q8="作業者3",K11-K8,0) | DJ10: 時間外 | DN10: =IF(Q8="作業者4",K11-K8,0) | DT10: 時間外 | DX10: =IF(Q8="作業者5",K11-K8,0)
CF11: 休日 | CJ11: =IF(Q8="作業者1",N11-N8,0) | CP11: 休日 | CT11: =IF(Q8="作業者2",N11-N8,0) | CZ11: 休日 | DD11: =IF(Q8="作業者3",N11-N8,0) | DJ11: 休日 | DN11: =IF(Q8="作業者4",N11-N8,0) | DT11: 休日 | DX11: =IF(Q8="作業者5",N11-N8,0)
CF12: 移動 | CJ12: =IF(Q12="作業者1",E15-E12,0) | CP12: 移動 | CT12: =IF(Q12="作業者2",E15-E12,0) | CZ12: 移動 | DD12: =IF(Q12="作業者3",E15-E12,0) | DJ12: 移動 | DN12: =IF(Q12="作業者4",E15-E12,0) | DT12: 移動 | DX12: =IF(Q12="作業者5",E15-E12,0)
F13: ～ | I13: ～ | L13: ～ | O13: ～ | CF13: 時間内 | CJ13: =IF(Q12="作業者1",H15-H12,0) | CP13: 時間内 | CT13: =IF(Q12="作業者2",H15-H12,0) | CZ13: 時間内 | DD13: =IF(Q12="作業者3",H15-H12,0) | DJ13: 時間内 | DN13: =IF(Q12="作業者4",H15-H12,0) | DT13: 時間内 | DX13: =IF(Q12="作業者5",H15-H12,0)
CF14: 時間外 | CJ14: =IF(Q12="作業者1",K15-K12,0) | CP14: 時間外 | CT14: =IF(Q12="作業者2",K15-K12,0) | CZ14: 時間外 | DD14: =IF(Q12="作業者3",K15-K12,0) | DJ14: 時間外 | DN14: =IF(Q12="作業者4",K15-K12,0) | DT14: 時間外 | DX14: =IF(Q12="作業者5",K15-K12,0)
CF15: 休日 | CJ15: =IF(Q12="作業者1",N15-N12,0) | CP15: 休日 | CT15: =IF(Q12="作業者2",N15-N12,0) | CZ15: 休日 | DD15: =IF(Q12="作業者3",N15-N12,0) | DJ15: 休日 | DN15: =IF(Q12="作業者4",N15-N12,0) | DT15: 休日 | DX15: =IF(Q12="作業者5",N15-N12,0)
CF16: 移動 | CJ16: =IF(Q16="作業者1",E19-E16,0) | CP16: 移動 | CT16: =IF(Q16="作業者2",E19-E16,0) | CZ16: 移動 | DD16: =IF(Q16="作業者3",E19-E16,0) | DJ16: 移動 | DN16: =IF(Q16="作業者4",E19-E16,0) | DT16: 移動 | DX16: =IF(Q16="作業者5",E19-E16,0)
F17: ～ | I17: ～ | L17: ～ | O17: ～ | CF17: 時間内 | CJ17: =IF(Q16="作業者1",H19-H16,0) | CP17: 時間内 | CT17: =IF(Q16="作業者2",H19-H16,0) | CZ17: 時間内 | DD17: =IF(Q16="作業者3",H19-H16,0) | DJ17: 時間内 | DN17: =IF(Q16="作業者4",H19-H16,0) | DT17: 時間内 | DX17: =IF(Q16="作業者5",H19-H16,0)
CF18: 時間外 | CJ18: =IF(Q16="作業者1",K19-K16,0) | CP18: 時間外 | CT18: =IF(Q16="作業者2",K19-K16,0) | CZ18: 時間外 | DD18: =IF(Q16="作業者3",K19-K16,0) | DJ18: 時間外 | DN18: =IF(Q16="作業者4",K19-K16,0) | DT18: 時間外 | DX18: =IF(Q16="作業者5",K19-K16,0)
CF19: 休日 | CJ19: =IF(Q16="作業者1",N19-N16,0) | CP19: 休日 | CT19: =IF(Q16="作業者2",N19-N16,0) | CZ19: 休日 | DD19: =IF(Q16="作業者3",N19-N16,0) | DJ19: 休日 | DN19: =IF(Q16="作業者4",N19-N16,0) | DT19: 休日 | DX19: =IF(Q16="作業者5",N19-N16,0)
CF20: 移動 | CJ20: =IF(Q20="作業者1",E23-E20,0) | CP20: 移動 | CT20: =IF(Q20="作業者2",E23-E20,0) | CZ20: 移動 | DD20: =IF(Q20="作業者3",E23-E20,0) | DJ20: 移動 | DN20: =IF(Q20="作業者4",E23-E20,0) | DT20: 移動 | DX20: =IF(Q20="作業者5",E23-E20,0)
F21: ～ | I21: ～ | L21: ～ | O21: ～ | CF21: 時間内 | CJ21: =IF(Q20="作業者1",H23-H20,0) | CP21: 時間内 | CT21: =IF(Q20="作業者2",H23-H20,0) | CZ21: 時間内 | DD21: =IF(Q20="作業者3",H23-H20,0) | DJ21: 時間内 | DN21: =IF(Q20="作業者4",H23-H20,0) | DT21: 時間内 | DX21: =IF(Q20="作業者5",H23-H20,0)
CF22: 時間外 | CJ22: =IF(Q20="作業者1",K23-K20,0) | CP22: 時間外 | CT22: =IF(Q20="作業者2",K23-K20,0) | CZ22: 時間外 | DD22: =IF(Q20="作業者3",K23-K20,0) | DJ22: 時間外 | DN22: =IF(Q20="作業者4",K23-K20,0) | DT22: 時間外 | DX22: =IF(Q20="作業者5",K23-K20,0)
CF23: 休日 | CJ23: =IF(Q20="作業者1",N23-N20,0) | CP23: 休日 | CT23: =IF(Q20="作業者2",N23-N20,0) | CZ23: 休日 | DD23: =IF(Q20="作業者3",N23-N20,0) | DJ23: 休日 | DN23: =IF(Q20="作業者4",N23-N20,0) | DT23: 休日 | DX23: =IF(Q20="作業者5",N23-N20,0)
CF24: 移動 | CJ24: =IF(Q24="作業者1",E27-E24,0) | CP24: 移動 | CT24: =IF(Q24="作業者2",E27-E24,0) | CZ24: 移動 | DD24: =IF(Q24="作業者3",E27-E24,0) | DJ24: 移動 | DN24: =IF(Q24="作業者4",E27-E24,0) | DT24: 移動 | DX24: =IF(Q24="作業者5",E27-E24,0)
F25: ～ | I25: ～ | L25: ～ | O25: ～ | CF25: 時間内 | CJ25: =IF(Q24="作業者1",H27-H24,0) | CP25: 時間内 | CT25: =IF(Q24="作業者2",H27-H24,0) | CZ25: 時間内 | DD25: =IF(Q24="作業者3",H27-H24,0) | DJ25: 時間内 | DN25: =IF(Q24="作業者4",H27-H24,0) | DT25: 時間内 | DX25: =IF(Q24="作業者5",H27-H24,0)
CF26: 時間外 | CJ26: =IF(Q24="作業者1",K27-K24,0) | CP26: 時間外 | CT26: =IF(Q24="作業者2",K27-K24,0) | CZ26: 時間外 | DD26: =IF(Q24="作業者3",K27-K24,0) | DJ26: 時間外 | DN26: =IF(Q24="作業者4",K27-K24,0) | DT26: 時間外 | DX26: =IF(Q24="作業者5",K27-K24,0)
CF27: 休日 | CJ27: =IF(Q24="作業者1",N27-N24,0) | CP27: 休日 | CT27: =IF(Q24="作業者2",N27-N24,0) | CZ27: 休日 | DD27: =IF(Q24="作業者3",N27-N24,0) | DJ27: 休日 | DN27: =IF(Q24="作業者4",N27-N24,0) | DT27: 休日 | DX27: =IF(Q24="作業者5",N27-N24,0)
CF28: 移動 | CJ28: =IF(Q28="作業者1",E31-E28,0) | CP28: 移動 | CT28: =IF(Q28="作業者2",E31-E28,0) | CZ28: 移動 | DD28: =IF(Q28="作業者3",E31-E28,0) | DJ28: 移動 | DN28: =IF(Q28="作業者4",E31-E28,0) | DT28: 移動 | DX28: =IF(Q28="作業者5",E31-E28,0)
F29: ～ | I29: ～ | L29: ～ | O29: ～ | CF29: 時間内 | CJ29: =IF(Q28="作業者1",H31-H28,0) | CP29: 時間内 | CT29: =IF(Q28="作業者2",H31-H28,0) | CZ29: 時間内 | DD29: =IF(Q28="作業者3",H31-H28,0) | DJ29: 時間内 | DN29: =IF(Q28="作業者4",H31-H28,0) | DT29: 時間内 | DX29: =IF(Q28="作業者5",H31-H28,0)
CF30: 時間外 | CJ30: =IF(Q28="作業者1",K31-K28,0) | CP30: 時間外 | CT30: =IF(Q28="作業者2",K31-K28,0) | CZ30: 時間外 | DD30: =IF(Q28="作業者3",K31-K28,0) | DJ30: 時間外 | DN30: =IF(Q28="作業者4",K31-K28,0) | DT30: 時間外 | DX30: =IF(Q28="作業者5",K31-K28,0)
CF31: 休日 | CJ31: =IF(Q28="作業者1",N31-N28,0) | CP31: 休日 | CT31: =IF(Q28="作業者2",N31-N28,0) | CZ31: 休日 | DD31: =IF(Q28="作業者3",N31-N28,0) | DJ31: 休日 | DN31: =IF(Q28="作業者4",N31-N28,0) | DT31: 休日 | DX31: =IF(Q28="作業者5",N31-N28,0)
CF32: 移動 | CJ32: =IF(Q32="作業者1",E35-E32,0) | CP32: 移動 | CT32: =IF(Q32="作業者2",E35-E32,0) | CZ32: 移動 | DD32: =IF(Q32="作業者3",E35-E32,0) | DJ32: 移動 | DN32: =IF(Q32="作業者4",E35-E32,0) | DT32: 移動 | DX32: =IF(Q32="作業者5",E35-E32,0)
F33: ～ | I33: ～ | L33: ～ | O33: ～ | CF33: 時間内 | CJ33: =IF(Q32="作業者1",H35-H32,0) | CP33: 時間内 | CT33: =IF(Q32="作業者2",H35-H32,0) | CZ33: 時間内 | DD33: =IF(Q32="作業者3",H35-H32,0) | DJ33: 時間内 | DN33: =IF(Q32="作業者4",H35-H32,0) | DT33: 時間内 | DX33: =IF(Q32="作業者5",H35-H32,0)
CF34: 時間外 | CJ34: =IF(Q32="作業者1",K35-K32,0) | CP34: 時間外 | CT34: =IF(Q32="作業者2",K35-K32,0) | CZ34: 時間外 | DD34: =IF(Q32="作業者3",K35-K32,0) | DJ34: 時間外 | DN34: =IF(Q32="作業者4",K35-K32,0) | DT34: 時間外 | DX34: =IF(Q32="作業者5",K35-K32,0)
CF35: 休日 | CJ35: =IF(Q32="作業者1",N35-N32,0) | CP35: 休日 | CT35: =IF(Q32="作業者2",N35-N32,0) | CZ35: 休日 | DD35: =IF(Q32="作業者3",N35-N32,0) | DJ35: 休日 | DN35: =IF(Q32="作業者4",N35-N32,0) | DT35: 休日 | DX35: =IF(Q32="作業者5",N35-N32,0)
CF36: 移動 | CJ36: =IF(Q36="作業者1",E39-E36,0) | CP36: 移動 | CT36: =IF(Q36="作業者2",E39-E36,0) | CZ36: 移動 | DD36: =IF(Q36="作業者3",E39-E36,0) | DJ36: 移動 | DN36: =IF(Q36="作業者4",E39-E36,0) | DT36: 移動 | DX36: =IF(Q36="作業者5",E39-E36,0)
F37: ～ | I37: ～ | L37: ～ | O37: ～ | CF37: 時間内 | CJ37: =IF(Q36="作業者1",H39-H36,0) | CP37: 時間内 | CT37: =IF(Q36="作業者2",H39-H36,0) | CZ37: 時間内 | DD37: =IF(Q36="作業者3",H39-H36,0) | DJ37: 時間内 | DN37: =IF(Q36="作業者4",H39-H36,0) | DT37: 時間内 | DX37: =IF(Q36="作業者5",H39-H36,0)
CF38: 時間外 | CJ38: =IF(Q36="作業者1",K39-K36,0) | CP38: 時間外 | CT38: =IF(Q36="作業者2",K39-K36,0) | CZ38: 時間外 | DD38: =IF(Q36="作業者3",K39-K36,0) | DJ38: 時間外 | DN38: =IF(Q36="作業者4",K39-K36,0) | DT38: 時間外 | DX38: =IF(Q36="作業者5",K39-K36,0)
CF39: 休日 | CJ39: =IF(Q36="作業者1",N39-N36,0) | CP39: 休日 | CT39: =IF(Q36="作業者2",N39-N36,0) | CZ39: 休日 | DD39: =IF(Q36="作業者3",N39-N36,0) | DJ39: 休日 | DN39: =IF(Q36="作業者4",N39-N36,0) | DT39: 休日 | DX39: =IF(Q36="作業者5",N39-N36,0)
CF40: 移動 | CJ40: =IF(Q40="作業者1",E43-E40,0) | CP40: 移動 | CT40: =IF(Q40="作業者2",E43-E40,0) | CZ40: 移動 | DD40: =IF(Q40="作業者3",E43-E40,0) | DJ40: 移動 | DN40: =IF(Q40="作業者4",E43-E40,0) | DT40: 移動 | DX40: =IF(Q40="作業者5",E43-E40,0)
F41: ～ | I41: ～ | L41: ～ | O41: ～ | CF41: 時間内 | CJ41: =IF(Q40="作業者1",H43-H40,0) | CP41: 時間内 | CT41: =IF(Q40="作業者2",H43-H40,0) | CZ41: 時間内 | DD41: =IF(Q40="作業者3",H43-H40,0) | DJ41: 時間内 | DN41: =IF(Q40="作業者4",H43-H40,0) | DT41: 時間内 | DX41: =IF(Q40="作業者5",H43-H40,0)
CF42: 時間外 | CJ42: =IF(Q40="作業者1",K43-K40,0) | CP42: 時間外 | CT42: =IF(Q40="作業者2",K43-K40,0) | CZ42: 時間外 | DD42: =IF(Q40="作業者3",K43-K40,0) | DJ42: 時間外 | DN42: =IF(Q40="作業者4",K43-K40,0) | DT42: 時間外 | DX42: =IF(Q40="作業者5",K43-K40,0)
CF43: 休日 | CJ43: =IF(Q40="作業者1",N43-N40,0) | CP43: 休日 | CT43: =IF(Q40="作業者2",N43-N40,0) | CZ43: 休日 | DD43: =IF(Q40="作業者3",N43-N40,0) | DJ43: 休日 | DN43: =IF(Q40="作業者4",N43-N40,0) | DT43: 休日 | DX43: =IF(Q40="作業者5",N43-N40,0)
CF44: 移動 | CJ44: =IF(Q44="作業者1",E47-E44,0) | CP44: 移動 | CT44: =IF(Q44="作業者2",E47-E44,0) | CZ44: 移動 | DD44: =IF(Q44="作業者3",E47-E44,0) | DJ44: 移動 | DN44: =IF(Q44="作業者4",E47-E44,0) | DT44: 移動 | DX44: =IF(Q44="作業者5",E47-E44,0)
F45: ～ | I45: ～ | L45: ～ | O45: ～ | CF45: 時間内 | CJ45: =IF(Q44="作業者1",H47-H44,0) | CP45: 時間内 | CT45: =IF(Q44="作業者2",H47-H44,0) | CZ45: 時間内 | DD45: =IF(Q44="作業者3",H47-H44,0) | DJ45: 時間内 | DN45: =IF(Q44="作業者4",H47-H44,0) | DT45: 時間内 | DX45: =IF(Q44="作業者5",H47-H44,0)
CF46: 時間外 | CJ46: =IF(Q44="作業者1",K47-K44,0) | CP46: 時間外 | CT46: =IF(Q44="作業者2",K47-K44,0) | CZ46: 時間外 | DD46: =IF(Q44="作業者3",K47-K44,0) | DJ46: 時間外 | DN46: =IF(Q44="作業者4",K47-K44,0) | DT46: 時間外 | DX46: =IF(Q44="作業者5",K47-K44,0)
CF47: 休日 | CJ47: =IF(Q44="作業者1",N47-N44,0) | CP47: 休日 | CT47: =IF(Q44="作業者2",N47-N44,0) | CZ47: 休日 | DD47: =IF(Q44="作業者3",N47-N44,0) | DJ47: 休日 | DN47: =IF(Q44="作業者4",N47-N44,0) | DT47: 休日 | DX47: =IF(Q44="作業者5",N47-N44,0)
CF48: 移動 | CJ48: =IF(Q48="作業者1",E51-E48,0) | CP48: 移動 | CT48: =IF(Q48="作業者2",E51-E48,0) | CZ48: 移動 | DD48: =IF(Q48="作業者3",E51-E48,0) | DJ48: 移動 | DN48: =IF(Q48="作業者4",E51-E48,0) | DT48: 移動 | DX48: =IF(Q48="作業者5",E51-E48,0)
F49: ～ | I49: ～ | L49: ～ | O49: ～ | CF49: 時間内 | CJ49: =IF(Q48="作業者1",H51-H48,0) | CP49: 時間内 | CT49: =IF(Q48="作業者2",H51-H48,0) | CZ49: 時間内 | DD49: =IF(Q48="作業者3",H51-H48,0) | DJ49: 時間内 | DN49: =IF(Q48="作業者4",H51-H48,0) | DT49: 時間内 | DX49: =IF(Q48="作業者5",H51-H48,0)
CF50: 時間外 | CJ50: =IF(Q48="作業者1",K51-K48,0) | CP50: 時間外 | CT50: =IF(Q48="作業者2",K51-K48,0) | CZ50: 時間外 | DD50: =IF(Q48="作業者3",K51-K48,0) | DJ50: 時間外 | DN50: =IF(Q48="作業者4",K51-K48,0) | DT50: 時間外 | DX50: =IF(Q48="作業者5",K51-K48,0)
CF51: 休日 | CJ51: =IF(Q48="作業者1",N51-N48,0) | CP51: 休日 | CT51: =IF(Q48="作業者2",N51-N48,0) | CZ51: 休日 | DD51: =IF(Q48="作業者3",N51-N48,0) | DJ51: 休日 | DN51: =IF(Q48="作業者4",N51-N48,0) | DT51: 休日 | DX51: =IF(Q48="作業者5",N51-N48,0)
CF52: 移動 | CJ52: =IF(Q52="作業者1",E55-E52,0) | CP52: 移動 | CT52: =IF(Q52="作業者2",E55-E52,0) | CZ52: 移動 | DD52: =IF(Q52="作業者3",E55-E52,0) | DJ52: 移動 | DN52: =IF(Q52="作業者4",E55-E52,0) | DT52: 移動 | DX52: =IF(Q52="作業者5",E55-E52,0)
F53: ～ | I53: ～ | L53: ～ | O53: ～ | CF53: 時間内 | CJ53: =IF(Q52="作業者1",H55-H52,0) | CP53: 時間内 | CT53: =IF(Q52="作業者2",H55-H52,0) | CZ53: 時間内 | DD53: =IF(Q52="作業者3",H55-H52,0) | DJ53: 時間内 | DN53: =IF(Q52="作業者4",H55-H52,0) | DT53: 時間内 | DX53: =IF(Q52="作業者5",H55-H52,0)
CF54: 時間外 | CJ54: =IF(Q52="作業者1",K55-K52,0) | CP54: 時間外 | CT54: =IF(Q52="作業者2",K55-K52,0) | CZ54: 時間外 | DD54: =IF(Q52="作業者3",K55-K52,0) | DJ54: 時間外 | DN54: =IF(Q52="作業者4",K55-K52,0) | DT54: 時間外 | DX54: =IF(Q52="作業者5",K55-K52,0)
CF55: 休日 | CJ55: =IF(Q52="作業者1",N55-N52,0) | CP55: 休日 | CT55: =IF(Q52="作業者2",N55-N52,0) | CZ55: 休日 | DD55: =IF(Q52="作業者3",N55-N52,0) | DJ55: 休日 | DN55: =IF(Q52="作業者4",N55-N52,0) | DT55: 休日 | DX55: =IF(Q52="作業者5",N55-N52,0)
CF56: 移動 | CJ56: =IF(Q56="作業者1",E59-E56,0) | CP56: 移動 | CT56: =IF(Q56="作業者2",E59-E56,0) | CZ56: 移動 | DD56: =IF(Q56="作業者3",E59-E56,0) | DJ56: 移動 | DN56: =IF(Q56="作業者4",E59-E56,0) | DT56: 移動 | DX56: =IF(Q56="作業者5",E59-E56,0)
F57: ～ | I57: ～ | L57: ～ | O57: ～ | CF57: 時間内 | CJ57: =IF(Q56="作業者1",H59-H56,0) | CP57: 時間内 | CT57: =IF(Q56="作業者2",H59-H56,0) | CZ57: 時間内 | DD57: =IF(Q56="作業者3",H59-H56,0) | DJ57: 時間内 | DN57: =IF(Q56="作業者4",H59-H56,0) | DT57: 時間内 | DX57: =IF(Q56="作業者5",H59-H56,0)
CF58: 時間外 | CJ58: =IF(Q56="作業者1",K59-K56,0) | CP58: 時間外 | CT58: =IF(Q56="作業者2",K59-K56,0) | CZ58: 時間外 | DD58: =IF(Q56="作業者3",K59-K56,0) | DJ58: 時間外 | DN58: =IF(Q56="作業者4",K59-K56,0) | DT58: 時間外 | DX58: =IF(Q56="作業者5",K59-K56,0)
CF59: 休日 | CJ59: =IF(Q56="作業者1",N59-N56,0) | CP59: 休日 | CT59: =IF(Q56="作業者2",N59-N56,0) | CZ59: 休日 | DD59: =IF(Q56="作業者3",N59-N56,0) | DJ59: 休日 | DN59: =IF(Q56="作業者4",N59-N56,0) | DT59: 休日 | DX59: =IF(Q56="作業者5",N59-N56,0)
CF60: 移動 | CJ60: =IF(Q60="作業者1",E63-E60,0) | CP60: 移動 | CT60: =IF(Q60="作業者2",E63-E60,0) | CZ60: 移動 | DD60: =IF(Q60="作業者3",E63-E60,0) | DJ60: 移動 | DN60: =IF(Q60="作業者4",E63-E60,0) | DT60: 移動 | DX60: =IF(Q60="作業者5",E63-E60,0)
F61: ～ | I61: ～ | L61: ～ | O61: ～ | CF61: 時間内 | CJ61: =IF(Q60="作業者1",H63-H60,0) | CP61: 時間内 | CT61: =IF(Q60="作業者2",H63-H60,0) | CZ61: 時間内 | DD61: =IF(Q60="作業者3",H63-H60,0) | DJ61: 時間内 | DN61: =IF(Q60="作業者4",H63-H60,0) | DT61: 時間内 | DX61: =IF(Q60="作業者5",H63-H60,0)
CF62: 時間外 | CJ62: =IF(Q60="作業者1",K63-K60,0) | CP62: 時間外 | CT62: =IF(Q60="作業者2",K63-K60,0) | CZ62: 時間外 | DD62: =IF(Q60="作業者3",K63-K60,0) | DJ62: 時間外 | DN62: =IF(Q60="作業者4",K63-K60,0) | DT62: 時間外 | DX62: =IF(Q60="作業者5",K63-K60,0)
CF63: 休日 | CJ63: =IF(Q60="作業者1",N63-N60,0) | CP63: 休日 | CT63: =IF(Q60="作業者2",N63-N60,0) | CZ63: 休日 | DD63: =IF(Q60="作業者3",N63-N60,0) | DJ63: 休日 | DN63: =IF(Q60="作業者4",N63-N60,0) | DT63: 休日 | DX63: =IF(Q60="作業者5",N63-N60,0)
CF64: 移動 | CJ64: =IF(Q64="作業者1",E67-E64,0) | CP64: 移動 | CT64: =IF(Q64="作業者2",E67-E64,0) | CZ64: 移動 | DD64: =IF(Q64="作業者3",E67-E64,0) | DJ64: 移動 | DN64: =IF(Q64="作業者4",E67-E64,0) | DT64: 移動 | DX64: =IF(Q64="作業者5",E67-E64,0)
F65: ～ | I65: ～ | L65: ～ | O65: ～ | CF65: 時間内 | CJ65: =IF(Q64="作業者1",H67-H64,0) | CP65: 時間内 | CT65: =IF(Q64="作業者2",H67-H64,0) | CZ65: 時間内 | DD65: =IF(Q64="作業者3",H67-H64,0) | DJ65: 時間内 | DN65: =IF(Q64="作業者4",H67-H64,0) | DT65: 時間内 | DX65: =IF(Q64="作業者5",H67-H64,0)
CF66: 時間外 | CJ66: =IF(Q64="作業者1",K67-K64,0) | CP66: 時間外 | CT66: =IF(Q64="作業者2",K67-K64,0) | CZ66: 時間外 | DD66: =IF(Q64="作業者3",K67-K64,0) | DJ66: 時間外 | DN66: =IF(Q64="作業者4",K67-K64,0) | DT66: 時間外 | DX66: =IF(Q64="作業者5",K67-K64,0)
CF67: 休日 | CJ67: =IF(Q64="作業者1",N67-N64,0) | CP67: 休日 | CT67: =IF(Q64="作業者2",N67-N64,0) | CZ67: 休日 | DD67: =IF(Q64="作業者3",N67-N64,0) | DJ67: 休日 | DN67: =IF(Q64="作業者4",N67-N64,0) | DT67: 休日 | DX67: =IF(Q64="作業者5",N67-N64,0)
B69: 月／日 | E69: 移 動 | H69: 作業内 (平日) | K69: 作業外 (平日) | N69: 休日 | Q69: 作業者 | T69: 場 所 | W69: 作 業 内 容 | CF69: 所要時間 作業者1 | CP69: 所要時間 作業者2 | CZ69: 所要時間 作業者3 | DJ69: 所要時間 作業者4 | DT69: 所要時間 作業者5
CF71: 移動 | CJ71: =IF(Q71="作業者1",E74-E71,0) | CP71: 移動 | CT71: =IF(Q71="作業者2",E74-E71,0) | CZ71: 移動 | DD71: =IF(Q71="作業者3",E74-E71,0) | DJ71: 移動 | DN71: =IF(Q71="作業者4",E74-E71,0) | DT71: 移動 | DX71: =IF(Q71="作業者5",E74-E71,0)
F72: ～ | I72: ～ | L72: ～ | O72: ～ | CF72: 時間内 | CJ72: =IF(Q71="作業者1",H74-H71,0) | CP72: 時間内 | CT72: =IF(Q71="作業者2",H74-H71,0) | CZ72: 時間内 | DD72: =IF(Q71="作業者3",H74-H71,0) | DJ72: 時間内 | DN72: =IF(Q71="作業者4",H74-H71,0) | DT72: 時間内 | DX72: =IF(Q71="作業者5",H74-H71,0)
CF73: 時間外 | CJ73: =IF(Q71="作業者1",K74-K71,0) | CP73: 時間外 | CT73: =IF(Q71="作業者2",K74-K71,0) | CZ73: 時間外 | DD73: =IF(Q71="作業者3",K74-K71,0) | DJ73: 時間外 | DN73: =IF(Q71="作業者4",K74-K71,0) | DT73: 時間外 | DX73: =IF(Q71="作業者5",K74-K71,0)
CF74: 休日 | CJ74: =IF(Q71="作業者1",N74-N71,0) | CP74: 休日 | CT74: =IF(Q71="作業者2",N74-N71,0) | CZ74: 休日 | DD74: =IF(Q71="作業者3",N74-N71,0) | DJ74: 休日 | DN74: =IF(Q71="作業者4",N74-N71,0) | DT74: 休日 | DX74: =IF(Q71="作業者5",N74-N71,0)
CF75: 移動 | CJ75: =IF(Q75="作業者1",E78-E75,0) | CP75: 移動 | CT75: =IF(Q75="作業者2",E78-E75,0) | CZ75: 移動 | DD75: =IF(Q75="作業者3",E78-E75,0) | DJ75: 移動 | DN75: =IF(Q75="作業者4",E78-E75,0) | DT75: 移動 | DX75: =IF(Q75="作業者5",E78-E75,0)
F76: ～ | I76: ～ | L76: ～ | O76: ～ | CF76: 時間内 | CJ76: =IF(Q75="作業者1",H78-H75,0) | CP76: 時間内 | CT76: =IF(Q75="作業者2",H78-H75,0) | CZ76: 時間内 | DD76: =IF(Q75="作業者3",H78-H75,0) | DJ76: 時間内 | DN76: =IF(Q75="作業者4",H78-H75,0) | DT76: 時間内 | DX76: =IF(Q75="作業者5",H78-H75,0)
CF77: 時間外 | CJ77: =IF(Q75="作業者1",K78-K75,0) | CP77: 時間外 | CT77: =IF(Q75="作業者2",K78-K75,0) | CZ77: 時間外 | DD77: =IF(Q75="作業者3",K78-K75,0) | DJ77: 時間外 | DN77: =IF(Q75="作業者4",K78-K75,0) | DT77: 時間外 | DX77: =IF(Q75="作業者5",K78-K75,0)
CF78: 休日 | CJ78: =IF(Q75="作業者1",N78-N75,0) | CP78: 休日 | CT78: =IF(Q75="作業者2",N78-N75,0) | CZ78: 休日 | DD78: =IF(Q75="作業者3",N78-N75,0) | DJ78: 休日 | DN78: =IF(Q75="作業者4",N78-N75,0) | DT78: 休日 | DX78: =IF(Q75="作業者5",N78-N75,0)
CF79: 移動 | CJ79: =IF(Q79="作業者1",E82-E79,0) | CP79: 移動 | CT79: =IF(Q79="作業者2",E82-E79,0) | CZ79: 移動 | DD79: =IF(Q79="作業者3",E82-E79,0) | DJ79: 移動 | DN79: =IF(Q79="作業者4",E82-E79,0) | DT79: 移動 | DX79: =IF(Q79="作業者5",E82-E79,0)
F80: ～ | I80: ～ | L80: ～ | O80: ～ | CF80: 時間内 | CJ80: =IF(Q79="作業者1",H82-H79,0) | CP80: 時間内 | CT80: =IF(Q79="作業者2",H82-H79,0) | CZ80: 時間内 | DD80: =IF(Q79="作業者3",H82-H79,0) | DJ80: 時間内 | DN80: =IF(Q79="作業者4",H82-H79,0) | DT80: 時間内 | DX80: =IF(Q79="作業者5",H82-H79,0)
CF81: 時間外 | CJ81: =IF(Q79="作業者1",K82-K79,0) | CP81: 時間外 | CT81: =IF(Q79="作業者2",K82-K79,0) | CZ81: 時間外 | DD81: =IF(Q79="作業者3",K82-K79,0) | DJ81: 時間外 | DN81: =IF(Q79="作業者4",K82-K79,0) | DT81: 時間外 | DX81: =IF(Q79="作業者5",K82-K79,0)
CF82: 休日 | CJ82: =IF(Q79="作業者1",N82-N79,0) | CP82: 休日 | CT82: =IF(Q79="作業者2",N82-N79,0) | CZ82: 休日 | DD82: =IF(Q79="作業者3",N82-N79,0) | DJ82: 休日 | DN82: =IF(Q79="作業者4",N82-N79,0) | DT82: 休日 | DX82: =IF(Q79="作業者5",N82-N79,0)
CF83: 移動 | CJ83: =IF(Q83="作業者1",E86-E83,0) | CP83: 移動 | CT83: =IF(Q83="作業者2",E86-E83,0) | CZ83: 移動 | DD83: =IF(Q83="作業者3",E86-E83,0) | DJ83: 移動 | DN83: =IF(Q83="作業者4",E86-E83,0) | DT83: 移動 | DX83: =IF(Q83="作業者5",E86-E83,0)
F84: ～ | I84: ～ | L84: ～ | O84: ～ | CF84: 時間内 | CJ84: =IF(Q83="作業者1",H86-H83,0) | CP84: 時間内 | CT84: =IF(Q83="作業者2",H86-H83,0) | CZ84: 時間内 | DD84: =IF(Q83="作業者3",H86-H83,0) | DJ84: 時間内 | DN84: =IF(Q83="作業者4",H86-H83,0) | DT84: 時間内 | DX84: =IF(Q83="作業者5",H86-H83,0)
CF85: 時間外 | CJ85: =IF(Q83="作業者1",K86-K83,0) | CP85: 時間外 | CT85: =IF(Q83="作業者2",K86-K83,0) | CZ85: 時間外 | DD85: =IF(Q83="作業者3",K86-K83,0) | DJ85: 時間外 | DN85: =IF(Q83="作業者4",K86-K83,0) | DT85: 時間外 | DX85: =IF(Q83="作業者5",K86-K83,0)
CF86: 休日 | CJ86: =IF(Q83="作業者1",N86-N83,0) | CP86: 休日 | CT86: =IF(Q83="作業者2",N86-N83,0) | CZ86: 休日 | DD86: =IF(Q83="作業者3",N86-N83,0) | DJ86: 休日 | DN86: =IF(Q83="作業者4",N86-N83,0) | DT86: 休日 | DX86: =IF(Q83="作業者5",N86-N83,0)
CF87: 移動 | CJ87: =IF(Q87="作業者1",E90-E87,0) | CP87: 移動 | CT87: =IF(Q87="作業者2",E90-E87,0) | CZ87: 移動 | DD87: =IF(Q87="作業者3",E90-E87,0) | DJ87: 移動 | DN87: =IF(Q87="作業者4",E90-E87,0) | DT87: 移動 | DX87: =IF(Q87="作業者5",E90-E87,0)
F88: ～ | I88: ～ | L88: ～ | O88: ～ | CF88: 時間内 | CJ88: =IF(Q87="作業者1",H90-H87,0) | CP88: 時間内 | CT88: =IF(Q87="作業者2",H90-H87,0) | CZ88: 時間内 | DD88: =IF(Q87="作業者3",H90-H87,0) | DJ88: 時間内 | DN88: =IF(Q87="作業者4",H90-H87,0) | DT88: 時間内 | DX88: =IF(Q87="作業者5",H90-H87,0)
CF89: 時間外 | CJ89: =IF(Q87="作業者1",K90-K87,0) | CP89: 時間外 | CT89: =IF(Q87="作業者2",K90-K87,0) | CZ89: 時間外 | DD89: =IF(Q87="作業者3",K90-K87,0) | DJ89: 時間外 | DN89: =IF(Q87="作業者4",K90-K87,0) | DT89: 時間外 | DX89: =IF(Q87="作業者5",K90-K87,0)
CF90: 休日 | CJ90: =IF(Q87="作業者1",N90-N87,0) | CP90: 休日 | CT90: =IF(Q87="作業者2",N90-N87,0) | CZ90: 休日 | DD90: =IF(Q87="作業者3",N90-N87,0) | DJ90: 休日 | DN90: =IF(Q87="作業者4",N90-N87,0) | DT90: 休日 | DX90: =IF(Q87="作業者5",N90-N87,0)
CF91: 移動 | CJ91: =IF(Q91="作業者1",E94-E91,0) | CP91: 移動 | CT91: =IF(Q91="作業者2",E94-E91,0) | CZ91: 移動 | DD91: =IF(Q91="作業者3",E94-E91,0) | DJ91: 移動 | DN91: =IF(Q91="作業者4",E94-E91,0) | DT91: 移動 | DX91: =IF(Q91="作業者5",E94-E91,0)
F92: ～ | I92: ～ | L92: ～ | O92: ～ | CF92: 時間内 | CJ92: =IF(Q91="作業者1",H94-H91,0) | CP92: 時間内 | CT92: =IF(Q91="作業者2",H94-H91,0) | CZ92: 時間内 | DD92: =IF(Q91="作業者3",H94-H91,0) | DJ92: 時間内 | DN92: =IF(Q91="作業者4",H94-H91,0) | DT92: 時間内 | DX92: =IF(Q91="作業者5",H94-H91,0)
CF93: 時間外 | CJ93: =IF(Q91="作業者1",K94-K91,0) | CP93: 時間外 | CT93: =IF(Q91="作業者2",K94-K91,0) | CZ93: 時間外 | DD93: =IF(Q91="作業者3",K94-K91,0) | DJ93: 時間外 | DN93: =IF(Q91="作業者4",K94-K91,0) | DT93: 時間外 | DX93: =IF(Q91="作業者5",K94-K91,0)
CF94: 休日 | CJ94: =IF(Q91="作業者1",N94-N91,0) | CP94: 休日 | CT94: =IF(Q91="作業者2",N94-N91,0) | CZ94: 休日 | DD94: =IF(Q91="作業者3",N94-N91,0) | DJ94: 休日 | DN94: =IF(Q91="作業者4",N94-N91,0) | DT94: 休日 | DX94: =IF(Q91="作業者5",N94-N91,0)
CF95: 移動 | CJ95: =IF(Q95="作業者1",E98-E95,0) | CP95: 移動 | CT95: =IF(Q95="作業者2",E98-E95,0) | CZ95: 移動 | DD95: =IF(Q95="作業者3",E98-E95,0) | DJ95: 移動 | DN95: =IF(Q95="作業者4",E98-E95,0) | DT95: 移動 | DX95: =IF(Q95="作業者5",E98-E95,0)
F96: ～ | I96: ～ | L96: ～ | O96: ～ | CF96: 時間内 | CJ96: =IF(Q95="作業者1",H98-H95,0) | CP96: 時間内 | CT96: =IF(Q95="作業者2",H98-H95,0) | CZ96: 時間内 | DD96: =IF(Q95="作業者3",H98-H95,0) | DJ96: 時間内 | DN96: =IF(Q95="作業者4",H98-H95,0) | DT96: 時間内 | DX96: =IF(Q95="作業者5",H98-H95,0)
CF97: 時間外 | CJ97: =IF(Q95="作業者1",K98-K95,0) | CP97: 時間外 | CT97: =IF(Q95="作業者2",K98-K95,0) | CZ97: 時間外 | DD97: =IF(Q95="作業者3",K98-K95,0) | DJ97: 時間外 | DN97: =IF(Q95="作業者4",K98-K95,0) | DT97: 時間外 | DX97: =IF(Q95="作業者5",K98-K95,0)
CF98: 休日 | CJ98: =IF(Q95="作業者1",N98-N95,0) | CP98: 休日 | CT98: =IF(Q95="作業者2",N98-N95,0) | CZ98: 休日 | DD98: =IF(Q95="作業者3",N98-N95,0) | DJ98: 休日 | DN98: =IF(Q95="作業者4",N98-N95,0) | DT98: 休日 | DX98: =IF(Q95="作業者5",N98-N95,0)
CF99: 移動 | CJ99: =IF(Q99="作業者1",E102-E99,0) | CP99: 移動 | CT99: =IF(Q99="作業者2",E102-E99,0) | CZ99: 移動 | DD99: =IF(Q99="作業者3",E102-E99,0) | DJ99: 移動 | DN99: =IF(Q99="作業者4",E102-E99,0) | DT99: 移動 | DX99: =IF(Q99="作業者5",E102-E99,0)
F100: ～ | I100: ～ | L100: ～ | O100: ～ | CF100: 時間内 | CJ100: =IF(Q99="作業者1",H102-H99,0) | CP100: 時間内 | CT100: =IF(Q99="作業者2",H102-H99,0) | CZ100: 時間内 | DD100: =IF(Q99="作業者3",H102-H99,0) | DJ100: 時間内 | DN100: =IF(Q99="作業者4",H102-H99,0) | DT100: 時間内 | DX100: =IF(Q99="作業者5",H102-H99,0)
CF101: 時間外 | CJ101: =IF(Q99="作業者1",K102-K99,0) | CP101: 時間外 | CT101: =IF(Q99="作業者2",K102-K99,0) | CZ101: 時間外 | DD101: =IF(Q99="作業者3",K102-K99,0) | DJ101: 時間外 | DN101: =IF(Q99="作業者4",K102-K99,0) | DT101: 時間外 | DX101: =IF(Q99="作業者5",K102-K99,0)
CF102: 休日 | CJ102: =IF(Q99="作業者1",N102-N99,0) | CP102: 休日 | CT102: =IF(Q99="作業者2",N102-N99,0) | CZ102: 休日 | DD102: =IF(Q99="作業者3",N102-N99,0) | DJ102: 休日 | DN102: =IF(Q99="作業者4",N102-N99,0) | DT102: 休日 | DX102: =IF(Q99="作業者5",N102-N99,0)
CF103: 移動 | CJ103: =IF(Q103="作業者1",E106-E103,0) | CP103: 移動 | CT103: =IF(Q103="作業者2",E106-E103,0) | CZ103: 移動 | DD103: =IF(Q103="作業者3",E106-E103,0) | DJ103: 移動 | DN103: =IF(Q103="作業者4",E106-E103,0) | DT103: 移動 | DX103: =IF(Q103="作業者5",E106-E103,0)
F104: ～ | I104: ～ | L104: ～ | O104: ～ | CF104: 時間内 | CJ104: =IF(Q103="作業者1",H106-H103,0) | CP104: 時間内 | CT104: =IF(Q103="作業者2",H106-H103,0) | CZ104: 時間内 | DD104: =IF(Q103="作業者3",H106-H103,0) | DJ104: 時間内 | DN104: =IF(Q103="作業者4",H106-H103,0) | DT104: 時間内 | DX104: =IF(Q103="作業者5",H106-H103,0)
...

Sheet 作業報告書 (3)
B2: 月／日 | E2: 移 動 | H2: 作業内 (平日) | K2: 作業外 (平日) | N2: 休日 | Q2: 作業者 | T2: 場 所 | W2: 作 業 内 容 | CF2: 所要時間 作業者1 | CP2: 所要時間 作業者2 | CZ2: 所要時間 作業者3 | DJ2: 所要時間 作業者4 | DT2: 所要時間 作業者5
CF4: 移動 | CJ4: =IF(Q4="作業者1",E7-E4,0) | CP4: 移動 | CT4: =IF(Q4="作業者2",E7-E4,0) | CZ4: 移動 | DD4: =IF(Q4="作業者3",E7-E4,0) | DJ4: 移動 | DN4: =IF(Q4="作業者4",E7-E4,0) | DT4: 移動 | DX4: =IF(Q4="作業者5",E7-E4,0)
F5: ～ | I5: ～ | L5: ～ | O5: ～ | CF5: 時間内 | CJ5: =IF(Q4="作業者1",H7-H4,0) | CP5: 時間内 | CT5: =IF(Q4="作業者2",H7-H4,0) | CZ5: 時間内 | DD5: =IF(Q4="作業者3",H7-H4,0) | DJ5: 時間内 | DN5: =IF(Q4="作業者4",H7-H4,0) | DT5: 時間内 | DX5: =IF(Q4="作業者5",H7-H4,0)
CF6: 時間外 | CJ6: =IF(Q4="作業者1",K7-K4,0) | CP6: 時間外 | CT6: =IF(Q4="作業者2",K7-K4,0) | CZ6: 時間外 | DD6: =IF(Q4="作業者3",K7-K4,0) | DJ6: 時間外 | DN6: =IF(Q4="作業者4",K7-K4,0) | DT6: 時間外 | DX6: =IF(Q4="作業者5",K7-K4,0)
CF7: 休日 | CJ7: =IF(Q4="作業者1",N7-N4,0) | CP7: 休日 | CT7: =IF(Q4="作業者2",N7-N4,0) | CZ7: 休日 | DD7: =IF(Q4="作業者3",N7-N4,0) | DJ7: 休日 | DN7: =IF(Q4="作業者4",N7-N4,0) | DT7: 休日 | DX7: =IF(Q4="作業者5",N7-N4,0)
CF8: 移動 | CJ8: =IF(Q8="作業者1",E11-E8,0) | CP8: 移動 | CT8: =IF(Q8="作業者2",E11-E8,0) | CZ8: 移動 | DD8: =IF(Q8="作業者3",E11-E8,0) | DJ8: 移動 | DN8: =IF(Q8="作業者4",E11-E8,0) | DT8: 移動 | DX8: =IF(Q8="作業者5",E11-E8,0)
F9: ～ | I9: ～ | L9: ～ | O9: ～ | CF9: 時間内 | CJ9: =IF(Q8="作業者1",H11-H8,0) | CP9: 時間内 | CT9: =IF(Q8="作業者2",H11-H8,0) | CZ9: 時間内 | DD9: =IF(Q8="作業者3",H11-H8,0) | DJ9: 時間内 | DN9: =IF(Q8="作業者4",H11-H8,0) | DT9: 時間内 | DX9: =IF(Q8="作業者5",H11-H8,0)
CF10: 時間外 | CJ10: =IF(Q8="作業者1",K11-K8,0) | CP10: 時間外 | CT10: =IF(Q8="作業者2",K11-K8,0) | CZ10: 時間外 | DD10: =IF(Q8="作業者3",K11-K8,0) | DJ10: 時間外 | DN10: =IF(Q8="作業者4",K11-K8,0) | DT10: 時間外 | DX10: =IF(Q8="作業者5",K11-K8,0)
CF11: 休日 | CJ11: =IF(Q8="作業者1",N11-N8,0) | CP11: 休日 | CT11: =IF(Q8="作業者2",N11-N8,0) | CZ11: 休日 | DD11: =IF(Q8="作業者3",N11-N8,0) | DJ11: 休日 | DN11: =IF(Q8="作業者4",N11-N8,0) | DT11: 休日 | DX11: =IF(Q8="作業者5",N11-N8,0)
CF12: 移動 | CJ12: =IF(Q12="作業者1",E15-E12,0) | CP12: 移動 | CT12: =IF(Q12="作業者2",E15-E12,0) | CZ12: 移動 | DD12: =IF(Q12="作業者3",E15-E12,0) | DJ12: 移動 | DN12: =IF(Q12="作業者4",E15-E12,0) | DT12: 移動 | DX12: =IF(Q12="作業者5",E15-E12,0)
F13: ～ | I13: ～ | L13: ～ | O13: ～ | CF13: 時間内 | CJ13: =IF(Q12="作業者1",H15-H12,0) | CP13: 時間内 | CT13: =IF(Q12="作業者2",H15-H12,0) | CZ13: 時間内 | DD13: =IF(Q12="作業者3",H15-H12,0) | DJ13: 時間内 | DN13: =IF(Q12="作業者4",H15-H12,0) | DT13: 時間内 | DX13: =IF(Q12="作業者5",H15-H12,0)
CF14: 時間外 | CJ14: =IF(Q12="作業者1",K15-K12,0) | CP14: 時間外 | CT14: =IF(Q12="作業者2",K15-K12,0) | CZ14: 時間外 | DD14: =IF(Q12="作業者3",K15-K12,0) | DJ14: 時間外 | DN14: =IF(Q12="作業者4",K15-K12,0) | DT14: 時間外 | DX14: =IF(Q12="作業者5",K15-K12,0)
CF15: 休日 | CJ15: =IF(Q12="作業者1",N15-N12,0) | CP15: 休日 | CT15: =IF(Q12="作業者2",N15-N12,0) | CZ15: 休日 | DD15: =IF(Q12="作業者3",N15-N12,0) | DJ15: 休日 | DN15: =IF(Q12="作業者4",N15-N12,0) | DT15: 休日 | DX15: =IF(Q12="作業者5",N15-N12,0)
CF16: 移動 | CJ16: =IF(Q16="作業者1",E19-E16,0) | CP16: 移動 | CT16: =IF(Q16="作業者2",E19-E16,0) | CZ16: 移動 | DD16: =IF(Q16="作業者3",E19-E16,0) | DJ16: 移動 | DN16: =IF(Q16="作業者4",E19-E16,0) | DT16: 移動 | DX16: =IF(Q16="作業者5",E19-E16,0)
F17: ～ | I17: ～ | L17: ～ | O17: ～ | CF17: 時間内 | CJ17: =IF(Q16="作業者1",H19-H16,0) | CP17: 時間内 | CT17: =IF(Q16="作業者2",H19-H16,0) | CZ17: 時間内 | DD17: =IF(Q16="作業者3",H19-H16,0) | DJ17: 時間内 | DN17: =IF(Q16="作業者4",H19-H16,0) | DT17: 時間内 | DX17: =IF(Q16="作業者5",H19-H16,0)
CF18: 時間外 | CJ18: =IF(Q16="作業者1",K19-K16,0) | CP18: 時間外 | CT18: =IF(Q16="作業者2",K19-K16,0) | CZ18: 時間外 | DD18: =IF(Q16="作業者3",K19-K16,0) | DJ18: 時間外 | DN18: =IF(Q16="作業者4",K19-K16,0) | DT18: 時間外 | DX18: =IF(Q16="作業者5",K19-K16,0)
CF19: 休日 | CJ19: =IF(Q16="作業者1",N19-N16,0) | CP19: 休日 | CT19: =IF(Q16="作業者2",N19-N16,0) | CZ19: 休日 | DD19: =IF(Q16="作業者3",N19-N16,0) | DJ19: 休日 | DN19: =IF(Q16="作業者4",N19-N16,0) | DT19: 休日 | DX19: =IF(Q16="作業者5",N19-N16,0)
CF20: 移動 | CJ20: =IF(Q20="作業者1",E23-E20,0) | CP20: 移動 | CT20: =IF(Q20="作業者2",E23-E20,0) | CZ20: 移動 | DD20: =IF(Q20="作業者3",E23-E20,0) | DJ20: 移動 | DN20: =IF(Q20="作業者4",E23-E20,0) | DT20: 移動 | DX20: =IF(Q20="作業者5",E23-E20,0)
F21: ～ | I21: ～ | L21: ～ | O21: ～ | CF21: 時間内 | CJ21: =IF(Q20="作業者1",H23-H20,0) | CP21: 時間内 | CT21: =IF(Q20="作業者2",H23-H20,0) | CZ21: 時間内 | DD21: =IF(Q20="作業者3",H23-H20,0) | DJ21: 時間内 | DN21: =IF(Q20="作業者4",H23-H20,0) | DT21: 時間内 | DX21: =IF(Q20="作業者5",H23-H20,0)
CF22: 時間外 | CJ22: =IF(Q20="作業者1",K23-K20,0) | CP22: 時間外 | CT22: =IF(Q20="作業者2",K23-K20,0) | CZ22: 時間外 | DD22: =IF(Q20="作業者3",K23-K20,0) | DJ22: 時間外 | DN22: =IF(Q20="作業者4",K23-K20,0) | DT22: 時間外 | DX22: =IF(Q20="作業者5",K23-K20,0)
CF23: 休日 | CJ23: =IF(Q20="作業者1",N23-N20,0) | CP23: 休日 | CT23: =IF(Q20="作業者2",N23-N20,0) | CZ23: 休日 | DD23: =IF(Q20="作業者3",N23-N20,0) | DJ23: 休日 | DN23: =IF(Q20="作業者4",N23-N20,0) | DT23: 休日 | DX23: =IF(Q20="作業者5",N23-N20,0)
CF24: 移動 | CJ24: =IF(Q24="作業者1",E27-E24,0) | CP24: 移動 | CT24: =IF(Q24="作業者2",E27-E24,0) | CZ24: 移動 | DD24: =IF(Q24="作業者3",E27-E24,0) | DJ24: 移動 | DN24: =IF(Q24="作業者4",E27-E24,0) | DT24: 移動 | DX24: =IF(Q24="作業者5",E27-E24,0)
F25: ～ | I25: ～ | L25: ～ | O25: ～ | CF25: 時間内 | CJ25: =IF(Q24="作業者1",H27-H24,0) | CP25: 時間内 | CT25: =IF(Q24="作業者2",H27-H24,0) | CZ25: 時間内 | DD25: =IF(Q24="作業者3",H27-H24,0) | DJ25: 時間内 | DN25: =IF(Q24="作業者4",H27-H24,0) | DT25: 時間内 | DX25: =IF(Q24="作業者5",H27-H24,0)
CF26: 時間外 | CJ26: =IF(Q24="作業者1",K27-K24,0) | CP26: 時間外 | CT26: =IF(Q24="作業者2",K27-K24,0) | CZ26: 時間外 | DD26: =IF(Q24="作業者3",K27-K24,0) | DJ26: 時間外 | DN26: =IF(Q24="作業者4",K27-K24,0) | DT26: 時間外 | DX26: =IF(Q24="作業者5",K27-K24,0)
CF27: 休日 | CJ27: =IF(Q24="作業者1",N27-N24,0) | CP27: 休日 | CT27: =IF(Q24="作業者2",N27-N24,0) | CZ27: 休日 | DD27: =IF(Q24="作業者3",N27-N24,0) | DJ27: 休日 | DN27: =IF(Q24="作業者4",N27-N24,0) | DT27: 休日 | DX27: =IF(Q24="作業者5",N27-N24,0)
CF28: 移動 | CJ28: =IF(Q28="作業者1",E31-E28,0) | CP28: 移動 | CT28: =IF(Q28="作業者2",E31-E28,0) | CZ28: 移動 | DD28: =IF(Q28="作業者3",E31-E28,0) | DJ28: 移動 | DN28: =IF(Q28="作業者4",E31-E28,0) | DT28: 移動 | DX28: =IF(Q28="作業者5",E31-E28,0)
F29: ～ | I29: ～ | L29: ～ | O29: ～ | CF29: 時間内 | CJ29: =IF(Q28="作業者1",H31-H28,0) | CP29: 時間内 | CT29: =IF(Q28="作業者2",H31-H28,0) | CZ29: 時間内 | DD29: =IF(Q28="作業者3",H31-H28,0) | DJ29: 時間内 | DN29: =IF(Q28="作業者4",H31-H28,0) | DT29: 時間内 | DX29: =IF(Q28="作業者5",H31-H28,0)
CF30: 時間外 | CJ30: =IF(Q28="作業者1",K31-K28,0) | CP30: 時間外 | CT30: =IF(Q28="作業者2",K31-K28,0) | CZ30: 時間外 | DD30: =IF(Q28="作業者3",K31-K28,0) | DJ30: 時間外 | DN30: =IF(Q28="作業者4",K31-K28,0) | DT30: 時間外 | DX30: =IF(Q28="作業者5",K31-K28,0)
CF31: 休日 | CJ31: =IF(Q28="作業者1",N31-N28,0) | CP31: 休日 | CT31: =IF(Q28="作業者2",N31-N28,0) | CZ31: 休日 | DD31: =IF(Q28="作業者3",N31-N28,0) | DJ31: 休日 | DN31: =IF(Q28="作業者4",N31-N28,0) | DT31: 休日 | DX31: =IF(Q28="作業者5",N31-N28,0)
CF32: 移動 | CJ32: =IF(Q32="作業者1",E35-E32,0) | CP32: 移動 | CT32: =IF(Q32="作業者2",E35-E32,0) | CZ32: 移動 | DD32: =IF(Q32="作業者3",E35-E32,0) | DJ32: 移動 | DN32: =IF(Q32="作業者4",E35-E32,0) | DT32: 移動 | DX32: =IF(Q32="作業者5",E35-E32,0)
F33: ～ | I33: ～ | L33: ～ | O33: ～ | CF33: 時間内 | CJ33: =IF(Q32="作業者1",H35-H32,0) | CP33: 時間内 | CT33: =IF(Q32="作業者2",H35-H32,0) | CZ33: 時間内 | DD33: =IF(Q32="作業者3",H35-H32,0) | DJ33: 時間内 | DN33: =IF(Q32="作業者4",H35-H32,0) | DT33: 時間内 | DX33: =IF(Q32="作業者5",H35-H32,0)
CF34: 時間外 | CJ34: =IF(Q32="作業者1",K35-K32,0) | CP34: 時間外 | CT34: =IF(Q32="作業者2",K35-K32,0) | CZ34: 時間外 | DD34: =IF(Q32="作業者3",K35-K32,0) | DJ34: 時間外 | DN34: =IF(Q32="作業者4",K35-K32,0) | DT34: 時間外 | DX34: =IF(Q32="作業者5",K35-K32,0)
CF35: 休日 | CJ35: =IF(Q32="作業者1",N35-N32,0) | CP35: 休日 | CT35: =IF(Q32="作業者2",N35-N32,0) | CZ35: 休日 | DD35: =IF(Q32="作業者3",N35-N32,0) | DJ35: 休日 | DN35: =IF(Q32="作業者4",N35-N32,0) | DT35: 休日 | DX35: =IF(Q32="作業者5",N35-N32,0)
CF36: 移動 | CJ36: =IF(Q36="作業者1",E39-E36,0) | CP36: 移動 | CT36: =IF(Q36="作業者2",E39-E36,0) | CZ36: 移動 | DD36: =IF(Q36="作業者3",E39-E36,0) | DJ36: 移動 | DN36: =IF(Q36="作業者4",E39-E36,0) | DT36: 移動 | DX36: =IF(Q36="作業者5",E39-E36,0)
F37: ～ | I37: ～ | L37: ～ | O37: ～ | CF37: 時間内 | CJ37: =IF(Q36="作業者1",H39-H36,0) | CP37: 時間内 | CT37: =IF(Q36="作業者2",H39-H36,0) | CZ37: 時間内 | DD37: =IF(Q36="作業者3",H39-H36,0) | DJ37: 時間内 | DN37: =IF(Q36="作業者4",H39-H36,0) | DT37: 時間内 | DX37: =IF(Q36="作業者5",H39-H36,0)
CF38: 時間外 | CJ38: =IF(Q36="作業者1",K39-K36,0) | CP38: 時間外 | CT38: =IF(Q36="作業者2",K39-K36,0) | CZ38: 時間外 | DD38: =IF(Q36="作業者3",K39-K36,0) | DJ38: 時間外 | DN38: =IF(Q36="作業者4",K39-K36,0) | DT38: 時間外 | DX38: =IF(Q36="作業者5",K39-K36,0)
CF39: 休日 | CJ39: =IF(Q36="作業者1",N39-N36,0) | CP39: 休日 | CT39: =IF(Q36="作業者2",N39-N36,0) | CZ39: 休日 | DD39: =IF(Q36="作業者3",N39-N36,0) | DJ39: 休日 | DN39: =IF(Q36="作業者4",N39-N36,0) | DT39: 休日 | DX39: =IF(Q36="作業者5",N39-N36,0)
CF40: 移動 | CJ40: =IF(Q40="作業者1",E43-E40,0) | CP40: 移動 | CT40: =IF(Q40="作業者2",E43-E40,0) | CZ40: 移動 | DD40: =IF(Q40="作業者3",E43-E40,0) | DJ40: 移動 | DN40: =IF(Q40="作業者4",E43-E40,0) | DT40: 移動 | DX40: =IF(Q40="作業者5",E43-E40,0)
F41: ～ | I41: ～ | L41: ～ | O41: ～ | CF41: 時間内 | CJ41: =IF(Q40="作業者1",H43-H40,0) | CP41: 時間内 | CT41: =IF(Q40="作業者2",H43-H40,0) | CZ41: 時間内 | DD41: =IF(Q40="作業者3",H43-H40,0) | DJ41: 時間内 | DN41: =IF(Q40="作業者4",H43-H40,0) | DT41: 時間内 | DX41: =IF(Q40="作業者5",H43-H40,0)
CF42: 時間外 | CJ42: =IF(Q40="作業者1",K43-K40,0) | CP42: 時間外 | CT42: =IF(Q40="作業者2",K43-K40,0) | CZ42: 時間外 | DD42: =IF(Q40="作業者3",K43-K40,0) | DJ42: 時間外 | DN42: =IF(Q40="作業者4",K43-K40,0) | DT42: 時間外 | DX42: =IF(Q40="作業者5",K43-K40,0)
CF43: 休日 | CJ43: =IF(Q40="作業者1",N43-N40,0) | CP43: 休日 | CT43: =IF(Q40="作業者2",N43-N40,0) | CZ43: 休日 | DD43: =IF(Q40="作業者3",N43-N40,0) | DJ43: 休日 | DN43: =IF(Q40="作業者4",N43-N40,0) | DT43: 休日 | DX43: =IF(Q40="作業者5",N43-N40,0)
CF44: 移動 | CJ44: =IF(Q44="作業者1",E47-E44,0) | CP44: 移動 | CT44: =IF(Q44="作業者2",E47-E44,0) | CZ44: 移動 | DD44: =IF(Q44="作業者3",E47-E44,0) | DJ44: 移動 | DN44: =IF(Q44="作業者4",E47-E44,0) | DT44: 移動 | DX44: =IF(Q44="作業者5",E47-E44,0)
F45: ～ | I45: ～ | L45: ～ | O45: ～ | CF45: 時間内 | CJ45: =IF(Q44="作業者1",H47-H44,0) | CP45: 時間内 | CT45: =IF(Q44="作業者2",H47-H44,0) | CZ45: 時間内 | DD45: =IF(Q44="作業者3",H47-H44,0) | DJ45: 時間内 | DN45: =IF(Q44="作業者4",H47-H44,0) | DT45: 時間内 | DX45: =IF(Q44="作業者5",H47-H44,0)
CF46: 時間外 | CJ46: =IF(Q44="作業者1",K47-K44,0) | CP46: 時間外 | CT46: =IF(Q44="作業者2",K47-K44,0) | CZ46: 時間外 | DD46: =IF(Q44="作業者3",K47-K44,0) | DJ46: 時間外 | DN46: =IF(Q44="作業者4",K47-K44,0) | DT46: 時間外 | DX46: =IF(Q44="作業者5",K47-K44,0)
CF47: 休日 | CJ47: =IF(Q44="作業者1",N47-N44,0) | CP47: 休日 | CT47: =IF(Q44="作業者2",N47-N44,0) | CZ47: 休日 | DD47: =IF(Q44="作業者3",N47-N44,0) | DJ47: 休日 | DN47: =IF(Q44="作業者4",N47-N44,0) | DT47: 休日 | DX47: =IF(Q44="作業者5",N47-N44,0)
CF48: 移動 | CJ48: =IF(Q48="作業者1",E51-E48,0) | CP48: 移動 | CT48: =IF(Q48="作業者2",E51-E48,0) | CZ48: 移動 | DD48: =IF(Q48="作業者3",E51-E48,0) | DJ48: 移動 | DN48: =IF(Q48="作業者4",E51-E48,0) | DT48: 移動 | DX48: =IF(Q48="作業者5",E51-E48,0)
F49: ～ | I49: ～ | L49: ～ | O49: ～ | CF49: 時間内 | CJ49: =IF(Q48="作業者1",H51-H48,0) | CP49: 時間内 | CT49: =IF(Q48="作業者2",H51-H48,0) | CZ49: 時間内 | DD49: =IF(Q48="作業者3",H51-H48,0) | DJ49: 時間内 | DN49: =IF(Q48="作業者4",H51-H48,0) | DT49: 時間内 | DX49: =IF(Q48="作業者5",H51-H48,0)
CF50: 時間外 | CJ50: =IF(Q48="作業者1",K51-K48,0) | CP50: 時間外 | CT50: =IF(Q48="作業者2",K51-K48,0) | CZ50: 時間外 | DD50: =IF(Q48="作業者3",K51-K48,0) | DJ50: 時間外 | DN50: =IF(Q48="作業者4",K51-K48,0) | DT50: 時間外 | DX50: =IF(Q48="作業者5",K51-K48,0)
CF51: 休日 | CJ51: =IF(Q48="作業者1",N51-N48,0) | CP51: 休日 | CT51: =IF(Q48="作業者2",N51-N48,0) | CZ51: 休日 | DD51: =IF(Q48="作業者3",N51-N48,0) | DJ51: 休日 | DN51: =IF(Q48="作業者4",N51-N48,0) | DT51: 休日 | DX51: =IF(Q48="作業者5",N51-N48,0)
CF52: 移動 | CJ52: =IF(Q52="作業者1",E55-E52,0) | CP52: 移動 | CT52: =IF(Q52="作業者2",E55-E52,0) | CZ52: 移動 | DD52: =IF(Q52="作業者3",E55-E52,0) | DJ52: 移動 | DN52: =IF(Q52="作業者4",E55-E52,0) | DT52: 移動 | DX52: =IF(Q52="作業者5",E55-E52,0)
F53: ～ | I53: ～ | L53: ～ | O53: ～ | CF53: 時間内 | CJ53: =IF(Q52="作業者1",H55-H52,0) | CP53: 時間内 | CT53: =IF(Q52="作業者2",H55-H52,0) | CZ53: 時間内 | DD53: =IF(Q52="作業者3",H55-H52,0) | DJ53: 時間内 | DN53: =IF(Q52="作業者4",H55-H52,0) | DT53: 時間内 | DX53: =IF(Q52="作業者5",H55-H52,0)
CF54: 時間外 | CJ54: =IF(Q52="作業者1",K55-K52,0) | CP54: 時間外 | CT54: =IF(Q52="作業者2",K55-K52,0) | CZ54: 時間外 | DD54: =IF(Q52="作業者3",K55-K52,0) | DJ54: 時間外 | DN54: =IF(Q52="作業者4",K55-K52,0) | DT54: 時間外 | DX54: =IF(Q52="作業者5",K55-K52,0)
CF55: 休日 | CJ55: =IF(Q52="作業者1",N55-N52,0) | CP55: 休日 | CT55: =IF(Q52="作業者2",N55-N52,0) | CZ55: 休日 | DD55: =IF(Q52="作業者3",N55-N52,0) | DJ55: 休日 | DN55: =IF(Q52="作業者4",N55-N52,0) | DT55: 休日 | DX55: =IF(Q52="作業者5",N55-N52,0)
CF56: 移動 | CJ56: =IF(Q56="作業者1",E59-E56,0) | CP56: 移動 | CT56: =IF(Q56="作業者2",E59-E56,0) | CZ56: 移動 | DD56: =IF(Q56="作業者3",E59-E56,0) | DJ56: 移動 | DN56: =IF(Q56="作業者4",E59-E56,0) | DT56: 移動 | DX56: =IF(Q56="作業者5",E59-E56,0)
F57: ～ | I57: ～ | L57: ～ | O57: ～ | CF57: 時間内 | CJ57: =IF(Q56="作業者1",H59-H56,0) | CP57: 時間内 | CT57: =IF(Q56="作業者2",H59-H56,0) | CZ57: 時間内 | DD57: =IF(Q56="作業者3",H59-H56,0) | DJ57: 時間内 | DN57: =IF(Q56="作業者4",H59-H56,0) | DT57: 時間内 | DX57: =IF(Q56="作業者5",H59-H56,0)
CF58: 時間外 | CJ58: =IF(Q56="作業者1",K59-K56,0) | CP58: 時間外 | CT58: =IF(Q56="作業者2",K59-K56,0) | CZ58: 時間外 | DD58: =IF(Q56="作業者3",K59-K56,0) | DJ58: 時間外 | DN58: =IF(Q56="作業者4",K59-K56,0) | DT58: 時間外 | DX58: =IF(Q56="作業者5",K59-K56,0)
CF59: 休日 | CJ59: =IF(Q56="作業者1",N59-N56,0) | CP59: 休日 | CT59: =IF(Q56="作業者2",N59-N56,0) | CZ59: 休日 | DD59: =IF(Q56="作業者3",N59-N56,0) | DJ59: 休日 | DN59: =IF(Q56="作業者4",N59-N56,0) | DT59: 休日 | DX59: =IF(Q56="作業者5",N59-N56,0)
CF60: 移動 | CJ60: =IF(Q60="作業者1",E63-E60,0) | CP60: 移動 | CT60: =IF(Q60="作業者2",E63-E60,0) | CZ60: 移動 | DD60: =IF(Q60="作業者3",E63-E60,0) | DJ60: 移動 | DN60: =IF(Q60="作業者4",E63-E60,0) | DT60: 移動 | DX60: =IF(Q60="作業者5",E63-E60,0)
F61: ～ | I61: ～ | L61: ～ | O61: ～ | CF61: 時間内 | CJ61: =IF(Q60="作業者1",H63-H60,0) | CP61: 時間内 | CT61: =IF(Q60="作業者2",H63-H60,0) | CZ61: 時間内 | DD61: =IF(Q60="作業者3",H63-H60,0) | DJ61: 時間内 | DN61: =IF(Q60="作業者4",H63-H60,0) | DT61: 時間内 | DX61: =IF(Q60="作業者5",H63-H60,0)
CF62: 時間外 | CJ62: =IF(Q60="作業者1",K63-K60,0) | CP62: 時間外 | CT62: =IF(Q60="作業者2",K63-K60,0) | CZ62: 時間外 | DD62: =IF(Q60="作業者3",K63-K60,0) | DJ62: 時間外 | DN62: =IF(Q60="作業者4",K63-K60,0) | DT62: 時間外 | DX62: =IF(Q60="作業者5",K63-K60,0)
CF63: 休日 | CJ63: =IF(Q60="作業者1",N63-N60,0) | CP63: 休日 | CT63: =IF(Q60="作業者2",N63-N60,0) | CZ63: 休日 | DD63: =IF(Q60="作業者3",N63-N60,0) | DJ63: 休日 | DN63: =IF(Q60="作業者4",N63-N60,0) | DT63: 休日 | DX63: =IF(Q60="作業者5",N63-N60,0)
CF64: 移動 | CJ64: =IF(Q64="作業者1",E67-E64,0) | CP64: 移動 | CT64: =IF(Q64="作業者2",E67-E64,0) | CZ64: 移動 | DD64: =IF(Q64="作業者3",E67-E64,0) | DJ64: 移動 | DN64: =IF(Q64="作業者4",E67-E64,0) | DT64: 移動 | DX64: =IF(Q64="作業者5",E67-E64,0)
F65: ～ | I65: ～ | L65: ～ | O65: ～ | CF65: 時間内 | CJ65: =IF(Q64="作業者1",H67-H64,0) | CP65: 時間内 | CT65: =IF(Q64="作業者2",H67-H64,0) | CZ65: 時間内 | DD65: =IF(Q64="作業者3",H67-H64,0) | DJ65: 時間内 | DN65: =IF(Q64="作業者4",H67-H64,0) | DT65: 時間内 | DX65: =IF(Q64="作業者5",H67-H64,0)
CF66: 時間外 | CJ66: =IF(Q64="作業者1",K67-K64,0) | CP66: 時間外 | CT66: =IF(Q64="作業者2",K67-K64,0) | CZ66: 時間外 | DD66: =IF(Q64="作業者3",K67-K64,0) | DJ66: 時間外 | DN66: =IF(Q64="作業者4",K67-K64,0) | DT66: 時間外 | DX66: =IF(Q64="作業者5",K67-K64,0)
CF67: 休日 | CJ67: =IF(Q64="作業者1",N67-N64,0) | CP67: 休日 | CT67: =IF(Q64="作業者2",N67-N64,0) | CZ67: 休日 | DD67: =IF(Q64="作業者3",N67-N64,0) | DJ67: 休日 | DN67: =IF(Q64="作業者4",N67-N64,0) | DT67: 休日 | DX67: =IF(Q64="作業者5",N67-N64,0)
B69: 月／日 | E69: 移 動 | H69: 作業内 (平日) | K69: 作業外 (平日) | N69: 休日 | Q69: 作業者 | T69: 場 所 | W69: 作 業 内 容 | CF69: 所要時間 作業者1 | CP69: 所要時間 作業者2 | CZ69: 所要時間 作業者3 | DJ69: 所要時間 作業者4 | DT69: 所要時間 作業者5
CF71: 移動 | CJ71: =IF(Q71="作業者1",E74-E71,0) | CP71: 移動 | CT71: =IF(Q71="作業者2",E74-E71,0) | CZ71: 移動 | DD71: =IF(Q71="作業者3",E74-E71,0) | DJ71: 移動 | DN71: =IF(Q71="作業者4",E74-E71,0) | DT71: 移動 | DX71: =IF(Q71="作業者5",E74-E71,0)
F72: ～ | I72: ～ | L72: ～ | O72: ～ | CF72: 時間内 | CJ72: =IF(Q71="作業者1",H74-H71,0) | CP72: 時間内 | CT72: =IF(Q71="作業者2",H74-H71,0) | CZ72: 時間内 | DD72: =IF(Q71="作業者3",H74-H71,0) | DJ72: 時間内 | DN72: =IF(Q71="作業者4",H74-H71,0) | DT72: 時間内 | DX72: =IF(Q71="作業者5",H74-H71,0)
CF73: 時間外 | CJ73: =IF(Q71="作業者1",K74-K71,0) | CP73: 時間外 | CT73: =IF(Q71="作業者2",K74-K71,0) | CZ73: 時間外 | DD73: =IF(Q71="作業者3",K74-K71,0) | DJ73: 時間外 | DN73: =IF(Q71="作業者4",K74-K71,0) | DT73: 時間外 | DX73: =IF(Q71="作業者5",K74-K71,0)
CF74: 休日 | CJ74: =IF(Q71="作業者1",N74-N71,0) | CP74: 休日 | CT74: =IF(Q71="作業者2",N74-N71,0) | CZ74: 休日 | DD74: =IF(Q71="作業者3",N74-N71,0) | DJ74: 休日 | DN74: =IF(Q71="作業者4",N74-N71,0) | DT74: 休日 | DX74: =IF(Q71="作業者5",N74-N71,0)
CF75: 移動 | CJ75: =IF(Q75="作業者1",E78-E75,0) | CP75: 移動 | CT75: =IF(Q75="作業者2",E78-E75,0) | CZ75: 移動 | DD75: =IF(Q75="作業者3",E78-E75,0) | DJ75: 移動 | DN75: =IF(Q75="作業者4",E78-E75,0) | DT75: 移動 | DX75: =IF(Q75="作業者5",E78-E75,0)
F76: ～ | I76: ～ | L76: ～ | O76: ～ | CF76: 時間内 | CJ76: =IF(Q75="作業者1",H78-H75,0) | CP76: 時間内 | CT76: =IF(Q75="作業者2",H78-H75,0) | CZ76: 時間内 | DD76: =IF(Q75="作業者3",H78-H75,0) | DJ76: 時間内 | DN76: =IF(Q75="作業者4",H78-H75,0) | DT76: 時間内 | DX76: =IF(Q75="作業者5",H78-H75,0)
CF77: 時間外 | CJ77: =IF(Q75="作業者1",K78-K75,0) | CP77: 時間外 | CT77: =IF(Q75="作業者2",K78-K75,0) | CZ77: 時間外 | DD77: =IF(Q75="作業者3",K78-K75,0) | DJ77: 時間外 | DN77: =IF(Q75="作業者4",K78-K75,0) | DT77: 時間外 | DX77: =IF(Q75="作業者5",K78-K75,0)
CF78: 休日 | CJ78: =IF(Q75="作業者1",N78-N75,0) | CP78: 休日 | CT78: =IF(Q75="作業者2",N78-N75,0) | CZ78: 休日 | DD78: =IF(Q75="作業者3",N78-N75,0) | DJ78: 休日 | DN78: =IF(Q75="作業者4",N78-N75,0) | DT78: 休日 | DX78: =IF(Q75="作業者5",N78-N75,0)
CF79: 移動 | CJ79: =IF(Q79="作業者1",E82-E79,0) | CP79: 移動 | CT79: =IF(Q79="作業者2",E82-E79,0) | CZ79: 移動 | DD79: =IF(Q79="作業者3",E82-E79,0) | DJ79: 移動 | DN79: =IF(Q79="作業者4",E82-E79,0) | DT79: 移動 | DX79: =IF(Q79="作業者5",E82-E79,0)
F80: ～ | I80: ～ | L80: ～ | O80: ～ | CF80: 時間内 | CJ80: =IF(Q79="作業者1",H82-H79,0) | CP80: 時間内 | CT80: =IF(Q79="作業者2",H82-H79,0) | CZ80: 時間内 | DD80: =IF(Q79="作業者3",H82-H79,0) | DJ80: 時間内 | DN80: =IF(Q79="作業者4",H82-H79,0) | DT80: 時間内 | DX80: =IF(Q79="作業者5",H82-H79,0)
CF81: 時間外 | CJ81: =IF(Q79="作業者1",K82-K79,0) | CP81: 時間外 | CT81: =IF(Q79="作業者2",K82-K79,0) | CZ81: 時間外 | DD81: =IF(Q79="作業者3",K82-K79,0) | DJ81: 時間外 | DN81: =IF(Q79="作業者4",K82-K79,0) | DT81: 時間外 | DX81: =IF(Q79="作業者5",K82-K79,0)
CF82: 休日 | CJ82: =IF(Q79="作業者1",N82-N79,0) | CP82: 休日 | CT82: =IF(Q79="作業者2",N82-N79,0) | CZ82: 休日 | DD82: =IF(Q79="作業者3",N82-N79,0) | DJ82: 休日 | DN82: =IF(Q79="作業者4",N82-N79,0) | DT82: 休日 | DX82: =IF(Q79="作業者5",N82-N79,0)
CF83: 移動 | CJ83: =IF(Q83="作業者1",E86-E83,0) | CP83: 移動 | CT83: =IF(Q83="作業者2",E86-E83,0) | CZ83: 移動 | DD83: =IF(Q83="作業者3",E86-E83,0) | DJ83: 移動 | DN83: =IF(Q83="作業者4",E86-E83,0) | DT83: 移動 | DX83: =IF(Q83="作業者5",E86-E83,0)
F84: ～ | I84: ～ | L84: ～ | O84: ～ | CF84: 時間内 | CJ84: =IF(Q83="作業者1",H86-H83,0) | CP84: 時間内 | CT84: =IF(Q83="作業者2",H86-H83,0) | CZ84: 時間内 | DD84: =IF(Q83="作業者3",H86-H83,0) | DJ84: 時間内 | DN84: =IF(Q83="作業者4",H86-H83,0) | DT84: 時間内 | DX84: =IF(Q83="作業者5",H86-H83,0)
CF85: 時間外 | CJ85: =IF(Q83="作業者1",K86-K83,0) | CP85: 時間外 | CT85: =IF(Q83="作業者2",K86-K83,0) | CZ85: 時間外 | DD85: =IF(Q83="作業者3",K86-K83,0) | DJ85: 時間外 | DN85: =IF(Q83="作業者4",K86-K83,0) | DT85: 時間外 | DX85: =IF(Q83="作業者5",K86-K83,0)
CF86: 休日 | CJ86: =IF(Q83="作業者1",N86-N83,0) | CP86: 休日 | CT86: =IF(Q83="作業者2",N86-N83,0) | CZ86: 休日 | DD86: =IF(Q83="作業者3",N86-N83,0) | DJ86: 休日 | DN86: =IF(Q83="作業者4",N86-N83,0) | DT86: 休日 | DX86: =IF(Q83="作業者5",N86-N83,0)
CF87: 移動 | CJ87: =IF(Q87="作業者1",E90-E87,0) | CP87: 移動 | CT87: =IF(Q87="作業者2",E90-E87,0) | CZ87: 移動 | DD87: =IF(Q87="作業者3",E90-E87,0) | DJ87: 移動 | DN87: =IF(Q87="作業者4",E90-E87,0) | DT87: 移動 | DX87: =IF(Q87="作業者5",E90-E87,0)
F88: ～ | I88: ～ | L88: ～ | O88: ～ | CF88: 時間内 | CJ88: =IF(Q87="作業者1",H90-H87,0) | CP88: 時間内 | CT88: =IF(Q87="作業者2",H90-H87,0) | CZ88: 時間内 | DD88: =IF(Q87="作業者3",H90-H87,0) | DJ88: 時間内 | DN88: =IF(Q87="作業者4",H90-H87,0) | DT88: 時間内 | DX88: =IF(Q87="作業者5",H90-H87,0)
CF89: 時間外 | CJ89: =IF(Q87="作業者1",K90-K87,0) | CP89: 時間外 | CT89: =IF(Q87="作業者2",K90-K87,0) | CZ89: 時間外 | DD89: =IF(Q87="作業者3",K90-K87,0) | DJ89: 時間外 | DN89: =IF(Q87="作業者4",K90-K87,0) | DT89: 時間外 | DX89: =IF(Q87="作業者5",K90-K87,0)
CF90: 休日 | CJ90: =IF(Q87="作業者1",N90-N87,0) | CP90: 休日 | CT90: =IF(Q87="作業者2",N90-N87,0) | CZ90: 休日 | DD90: =IF(Q87="作業者3",N90-N87,0) | DJ90: 休日 | DN90: =IF(Q87="作業者4",N90-N87,0) | DT90: 休日 | DX90: =IF(Q87="作業者5",N90-N87,0)
CF91: 移動 | CJ91: =IF(Q91="作業者1",E94-E91,0) | CP91: 移動 | CT91: =IF(Q91="作業者2",E94-E91,0) | CZ91: 移動 | DD91: =IF(Q91="作業者3",E94-E91,0) | DJ91: 移動 | DN91: =IF(Q91="作業者4",E94-E91,0) | DT91: 移動 | DX91: =IF(Q91="作業者5",E94-E91,0)
F92: ～ | I92: ～ | L92: ～ | O92: ～ | CF92: 時間内 | CJ92: =IF(Q91="作業者1",H94-H91,0) | CP92: 時間内 | CT92: =IF(Q91="作業者2",H94-H91,0) | CZ92: 時間内 | DD92: =IF(Q91="作業者3",H94-H91,0) | DJ92: 時間内 | DN92: =IF(Q91="作業者4",H94-H91,0) | DT92: 時間内 | DX92: =IF(Q91="作業者5",H94-H91,0)
CF93: 時間外 | CJ93: =IF(Q91="作業者1",K94-K91,0) | CP93: 時間外 | CT93: =IF(Q91="作業者2",K94-K91,0) | CZ93: 時間外 | DD93: =IF(Q91="作業者3",K94-K91,0) | DJ93: 時間外 | DN93: =IF(Q91="作業者4",K94-K91,0) | DT93: 時間外 | DX93: =IF(Q91="作業者5",K94-K91,0)
CF94: 休日 | CJ94: =IF(Q91="作業者1",N94-N91,0) | CP94: 休日 | CT94: =IF(Q91="作業者2",N94-N91,0) | CZ94: 休日 | DD94: =IF(Q91="作業者3",N94-N91,0) | DJ94: 休日 | DN94: =IF(Q91="作業者4",N94-N91,0) | DT94: 休日 | DX94: =IF(Q91="作業者5",N94-N91,0)
CF95: 移動 | CJ95: =IF(Q95="作業者1",E98-E95,0) | CP95: 移動 | CT95: =IF(Q95="作業者2",E98-E95,0) | CZ95: 移動 | DD95: =IF(Q95="作業者3",E98-E95,0) | DJ95: 移動 | DN95: =IF(Q95="作業者4",E98-E95,0) | DT95: 移動 | DX95: =IF(Q95="作業者5",E98-E95,0)
F96: ～ | I96: ～ | L96: ～ | O96: ～ | CF96: 時間内 | CJ96: =IF(Q95="作業者1",H98-H95,0) | CP96: 時間内 | CT96: =IF(Q95="作業者2",H98-H95,0) | CZ96: 時間内 | DD96: =IF(Q95="作業者3",H98-H95,0) | DJ96: 時間内 | DN96: =IF(Q95="作業者4",H98-H95,0) | DT96: 時間内 | DX96: =IF(Q95="作業者5",H98-H95,0)
CF97: 時間外 | CJ97: =IF(Q95="作業者1",K98-K95,0) | CP97: 時間外 | CT97: =IF(Q95="作業者2",K98-K95,0) | CZ97: 時間外 | DD97: =IF(Q95="作業者3",K98-K95,0) | DJ97: 時間外 | DN97: =IF(Q95="作業者4",K98-K95,0) | DT97: 時間外 | DX97: =IF(Q95="作業者5",K98-K95,0)
CF98: 休日 | CJ98: =IF(Q95="作業者1",N98-N95,0) | CP98: 休日 | CT98: =IF(Q95="作業者2",N98-N95,0) | CZ98: 休日 | DD98: =IF(Q95="作業者3",N98-N95,0) | DJ98: 休日 | DN98: =IF(Q95="作業者4",N98-N95,0) | DT98: 休日 | DX98: =IF(Q95="作業者5",N98-N95,0)
CF99: 移動 | CJ99: =IF(Q99="作業者1",E102-E99,0) | CP99: 移動 | CT99: =IF(Q99="作業者2",E102-E99,0) | CZ99: 移動 | DD99: =IF(Q99="作業者3",E102-E99,0) | DJ99: 移動 | DN99: =IF(Q99="作業者4",E102-E99,0) | DT99: 移動 | DX99: =IF(Q99="作業者5",E102-E99,0)
F100: ～ | I100: ～ | L100: ～ | O100: ～ | CF100: 時間内 | CJ100: =IF(Q99="作業者1",H102-H99,0) | CP100: 時間内 | CT100: =IF(Q99="作業者2",H102-H99,0) | CZ100: 時間内 | DD100: =IF(Q99="作業者3",H102-H99,0) | DJ100: 時間内 | DN100: =IF(Q99="作業者4",H102-H99,0) | DT100: 時間内 | DX100: =IF(Q99="作業者5",H102-H99,0)
CF101: 時間外 | CJ101: =IF(Q99="作業者1",K102-K99,0) | CP101: 時間外 | CT101: =IF(Q99="作業者2",K102-K99,0) | CZ101: 時間外 | DD101: =IF(Q99="作業者3",K102-K99,0) | DJ101: 時間外 | DN101: =IF(Q99="作業者4",K102-K99,0) | DT101: 時間外 | DX101: =IF(Q99="作業者5",K102-K99,0)
CF102: 休日 | CJ102: =IF(Q99="作業者1",N102-N99,0) | CP102: 休日 | CT102: =IF(Q99="作業者2",N102-N99,0) | CZ102: 休日 | DD102: =IF(Q99="作業者3",N102-N99,0) | DJ102: 休日 | DN102: =IF(Q99="作業者4",N102-N99,0) | DT102: 休日 | DX102: =IF(Q99="作業者5",N102-N99,0)
CF103: 移動 | CJ103: =IF(Q103="作業者1",E106-E103,0) | CP103: 移動 | CT103: =IF(Q103="作業者2",E106-E103,0) | CZ103: 移動 | DD103: =IF(Q103="作業者3",E106-E103,0) | DJ103: 移動 | DN103: =IF(Q103="作業者4",E106-E103,0) | DT103: 移動 | DX103: =IF(Q103="作業者5",E106-E103,0)
F104: ～ | I104: ～ | L104: ～ | O104: ～ | CF104: 時間内 | CJ104: =IF(Q103="作業者1",H106-H103,0) | CP104: 時間内 | CT104: =IF(Q103="作業者2",H106-H103,0) | CZ104: 時間内 | DD104: =IF(Q103="作業者3",H106-H103,0) | DJ104: 時間内 | DN104: =IF(Q103="作業者4",H106-H103,0) | DT104: 時間内 | DX104: =IF(Q103="作業者5",H106-H103,0)
...

Sheet 作業報告書 (4)
B2: 月／日 | E2: 移 動 | H2: 作業内 (平日) | K2: 作業外 (平日) | N2: 休日 | Q2: 作業者 | T2: 場 所 | W2: 作 業 内 容 | CF2: 所要時間 作業者1 | CP2: 所要時間 作業者2 | CZ2: 所要時間 作業者3 | DJ2: 所要時間 作業者4 | DT2: 所要時間 作業者5
CF4: 移動 | CJ4: =IF(Q4="作業者1",E7-E4,0) | CP4: 移動 | CT4: =IF(Q4="作業者2",E7-E4,0) | CZ4: 移動 | DD4: =IF(Q4="作業者3",E7-E4,0) | DJ4: 移動 | DN4: =IF(Q4="作業者4",E7-E4,0) | DT4: 移動 | DX4: =IF(Q4="作業者5",E7-E4,0)
F5: ～ | I5: ～ | L5: ～ | O5: ～ | CF5: 時間内 | CJ5: =IF(Q4="作業者1",H7-H4,0) | CP5: 時間内 | CT5: =IF(Q4="作業者2",H7-H4,0) | CZ5: 時間内 | DD5: =IF(Q4="作業者3",H7-H4,0) | DJ5: 時間内 | DN5: =IF(Q4="作業者4",H7-H4,0) | DT5: 時間内 | DX5: =IF(Q4="作業者5",H7-H4,0)
CF6: 時間外 | CJ6: =IF(Q4="作業者1",K7-K4,0) | CP6: 時間外 | CT6: =IF(Q4="作業者2",K7-K4,0) | CZ6: 時間外 | DD6: =IF(Q4="作業者3",K7-K4,0) | DJ6: 時間外 | DN6: =IF(Q4="作業者4",K7-K4,0) | DT6: 時間外 | DX6: =IF(Q4="作業者5",K7-K4,0)
CF7: 休日 | CJ7: =IF(Q4="作業者1",N7-N4,0) | CP7: 休日 | CT7: =IF(Q4="作業者2",N7-N4,0) | CZ7: 休日 | DD7: =IF(Q4="作業者3",N7-N4,0) | DJ7: 休日 | DN7: =IF(Q4="作業者4",N7-N4,0) | DT7: 休日 | DX7: =IF(Q4="作業者5",N7-N4,0)
CF8: 移動 | CJ8: =IF(Q8="作業者1",E11-E8,0) | CP8: 移動 | CT8: =IF(Q8="作業者2",E11-E8,0) | CZ8: 移動 | DD8: =IF(Q8="作業者3",E11-E8,0) | DJ8: 移動 | DN8: =IF(Q8="作業者4",E11-E8,0) | DT8: 移動 | DX8: =IF(Q8="作業者5",E11-E8,0)
F9: ～ | I9: ～ | L9: ～ | O9: ～ | CF9: 時間内 | CJ9: =IF(Q8="作業者1",H11-H8,0) | CP9: 時間内 | CT9: =IF(Q8="作業者2",H11-H8,0) | CZ9: 時間内 | DD9: =IF(Q8="作業者3",H11-H8,0) | DJ9: 時間内 | DN9: =IF(Q8="作業者4",H11-H8,0) | DT9: 時間内 | DX9: =IF(Q8="作業者5",H11-H8,0)
CF10: 時間外 | CJ10: =IF(Q8="作業者1",K11-K8,0) | CP10: 時間外 | CT10: =IF(Q8="作業者2",K11-K8,0) | CZ10: 時間外 | DD10: =IF(Q8="作業者3",K11-K8,0) | DJ10: 時間外 | DN10: =IF(Q8="作業者4",K11-K8,0) | DT10: 時間外 | DX10: =IF(Q8="作業者5",K11-K8,0)
CF11: 休日 | CJ11: =IF(Q8="作業者1",N11-N8,0) | CP11: 休日 | CT11: =IF(Q8="作業者2",N11-N8,0) | CZ11: 休日 | DD11: =IF(Q8="作業者3",N11-N8,0) | DJ11: 休日 | DN11: =IF(Q8="作業者4",N11-N8,0) | DT11: 休日 | DX11: =IF(Q8="作業者5",N11-N8,0)
CF12: 移動 | CJ12: =IF(Q12="作業者1",E15-E12,0) | CP12: 移動 | CT12: =IF(Q12="作業者2",E15-E12,0) | CZ12: 移動 | DD12: =IF(Q12="作業者3",E15-E12,0) | DJ12: 移動 | DN12: =IF(Q12="作業者4",E15-E12,0) | DT12: 移動 | DX12: =IF(Q12="作業者5",E15-E12,0)
F13: ～ | I13: ～ | L13: ～ | O13: ～ | CF13: 時間内 | CJ13: =IF(Q12="作業者1",H15-H12,0) | CP13: 時間内 | CT13: =IF(Q12="作業者2",H15-H12,0) | CZ13: 時間内 | DD13: =IF(Q12="作業者3",H15-H12,0) | DJ13: 時間内 | DN13: =IF(Q12="作業者4",H15-H12,0) | DT13: 時間内 | DX13: =IF(Q12="作業者5",H15-H12,0)
CF14: 時間外 | CJ14: =IF(Q12="作業者1",K15-K12,0) | CP14: 時間外 | CT14: =IF(Q12="作業者2",K15-K12,0) | CZ14: 時間外 | DD14: =IF(Q12="作業者3",K15-K12,0) | DJ14: 時間外 | DN14: =IF(Q12="作業者4",K15-K12,0) | DT14: 時間外 | DX14: =IF(Q12="作業者5",K15-K12,0)
CF15: 休日 | CJ15: =IF(Q12="作業者1",N15-N12,0) | CP15: 休日 | CT15: =IF(Q12="作業者2",N15-N12,0) | CZ15: 休日 | DD15: =IF(Q12="作業者3",N15-N12,0) | DJ15: 休日 | DN15: =IF(Q12="作業者4",N15-N12,0) | DT15: 休日 | DX15: =IF(Q12="作業者5",N15-N12,0)
CF16: 移動 | CJ16: =IF(Q16="作業者1",E19-E16,0) | CP16: 移動 | CT16: =IF(Q16="作業者2",E19-E16,0) | CZ16: 移動 | DD16: =IF(Q16="作業者3",E19-E16,0) | DJ16: 移動 | DN16: =IF(Q16="作業者4",E19-E16,0) | DT16: 移動 | DX16: =IF(Q16="作業者5",E19-E16,0)
F17: ～ | I17: ～ | L17: ～ | O17: ～ | CF17: 時間内 | CJ17: =IF(Q16="作業者1",H19-H16,0) | CP17: 時間内 | CT17: =IF(Q16="作業者2",H19-H16,0) | CZ17: 時間内 | DD17: =IF(Q16="作業者3",H19-H16,0) | DJ17: 時間内 | DN17: =IF(Q16="作業者4",H19-H16,0) | DT17: 時間内 | DX17: =IF(Q16="作業者5",H19-H16,0)
CF18: 時間外 | CJ18: =IF(Q16="作業者1",K19-K16,0) | CP18: 時間外 | CT18: =IF(Q16="作業者2",K19-K16,0) | CZ18: 時間外 | DD18: =IF(Q16="作業者3",K19-K16,0) | DJ18: 時間外 | DN18: =IF(Q16="作業者4",K19-K16,0) | DT18: 時間外 | DX18: =IF(Q16="作業者5",K19-K16,0)
CF19: 休日 | CJ19: =IF(Q16="作業者1",N19-N16,0) | CP19: 休日 | CT19: =IF(Q16="作業者2",N19-N16,0) | CZ19: 休日 | DD19: =IF(Q16="作業者3",N19-N16,0) | DJ19: 休日 | DN19: =IF(Q16="作業者4",N19-N16,0) | DT19: 休日 | DX19: =IF(Q16="作業者5",N19-N16,0)
CF20: 移動 | CJ20: =IF(Q20="作業者1",E23-E20,0) | CP20: 移動 | CT20: =IF(Q20="作業者2",E23-E20,0) | CZ20: 移動 | DD20: =IF(Q20="作業者3",E23-E20,0) | DJ20: 移動 | DN20: =IF(Q20="作業者4",E23-E20,0) | DT20: 移動 | DX20: =IF(Q20="作業者5",E23-E20,0)
F21: ～ | I21: ～ | L21: ～ | O21: ～ | CF21: 時間内 | CJ21: =IF(Q20="作業者1",H23-H20,0) | CP21: 時間内 | CT21: =IF(Q20="作業者2",H23-H20,0) | CZ21: 時間内 | DD21: =IF(Q20="作業者3",H23-H20,0) | DJ21: 時間内 | DN21: =IF(Q20="作業者4",H23-H20,0) | DT21: 時間内 | DX21: =IF(Q20="作業者5",H23-H20,0)
CF22: 時間外 | CJ22: =IF(Q20="作業者1",K23-K20,0) | CP22: 時間外 | CT22: =IF(Q20="作業者2",K23-K20,0) | CZ22: 時間外 | DD22: =IF(Q20="作業者3",K23-K20,0) | DJ22: 時間外 | DN22: =IF(Q20="作業者4",K23-K20,0) | DT22: 時間外 | DX22: =IF(Q20="作業者5",K23-K20,0)
CF23: 休日 | CJ23: =IF(Q20="作業者1",N23-N20,0) | CP23: 休日 | CT23: =IF(Q20="作業者2",N23-N20,0) | CZ23: 休日 | DD23: =IF(Q20="作業者3",N23-N20,0) | DJ23: 休日 | DN23: =IF(Q20="作業者4",N23-N20,0) | DT23: 休日 | DX23: =IF(Q20="作業者5",N23-N20,0)
CF24: 移動 | CJ24: =IF(Q24="作業者1",E27-E24,0) | CP24: 移動 | CT24: =IF(Q24="作業者2",E27-E24,0) | CZ24: 移動 | DD24: =IF(Q24="作業者3",E27-E24,0) | DJ24: 移動 | DN24: =IF(Q24="作業者4",E27-E24,0) | DT24: 移動 | DX24: =IF(Q24="作業者5",E27-E24,0)
F25: ～ | I25: ～ | L25: ～ | O25: ～ | CF25: 時間内 | CJ25: =IF(Q24="作業者1",H27-H24,0) | CP25: 時間内 | CT25: =IF(Q24="作業者2",H27-H24,0) | CZ25: 時間内 | DD25: =IF(Q24="作業者3",H27-H24,0) | DJ25: 時間内 | DN25: =IF(Q24="作業者4",H27-H24,0) | DT25: 時間内 | DX25: =IF(Q24="作業者5",H27-H24,0)
CF26: 時間外 | CJ26: =IF(Q24="作業者1",K27-K24,0) | CP26: 時間外 | CT26: =IF(Q24="作業者2",K27-K24,0) | CZ26: 時間外 | DD26: =IF(Q24="作業者3",K27-K24,0) | DJ26: 時間外 | DN26: =IF(Q24="作業者4",K27-K24,0) | DT26: 時間外 | DX26: =IF(Q24="作業者5",K27-K24,0)
CF27: 休日 | CJ27: =IF(Q24="作業者1",N27-N24,0) | CP27: 休日 | CT27: =IF(Q24="作業者2",N27-N24,0) | CZ27: 休日 | DD27: =IF(Q24="作業者3",N27-N24,0) | DJ27: 休日 | DN27: =IF(Q24="作業者4",N27-N24,0) | DT27: 休日 | DX27: =IF(Q24="作業者5",N27-N24,0)
CF28: 移動 | CJ28: =IF(Q28="作業者1",E31-E28,0) | CP28: 移動 | CT28: =IF(Q28="作業者2",E31-E28,0) | CZ28: 移動 | DD28: =IF(Q28="作業者3",E31-E28,0) | DJ28: 移動 | DN28: =IF(Q28="作業者4",E31-E28,0) | DT28: 移動 | DX28: =IF(Q28="作業者5",E31-E28,0)
F29: ～ | I29: ～ | L29: ～ | O29: ～ | CF29: 時間内 | CJ29: =IF(Q28="作業者1",H31-H28,0) | CP29: 時間内 | CT29: =IF(Q28="作業者2",H31-H28,0) | CZ29: 時間内 | DD29: =IF(Q28="作業者3",H31-H28,0) | DJ29: 時間内 | DN29: =IF(Q28="作業者4",H31-H28,0) | DT29: 時間内 | DX29: =IF(Q28="作業者5",H31-H28,0)
CF30: 時間外 | CJ30: =IF(Q28="作業者1",K31-K28,0) | CP30: 時間外 | CT30: =IF(Q28="作業者2",K31-K28,0) | CZ30: 時間外 | DD30: =IF(Q28="作業者3",K31-K28,0) | DJ30: 時間外 | DN30: =IF(Q28="作業者4",K31-K28,0) | DT30: 時間外 | DX30: =IF(Q28="作業者5",K31-K28,0)
CF31: 休日 | CJ31: =IF(Q28="作業者1",N31-N28,0) | CP31: 休日 | CT31: =IF(Q28="作業者2",N31-N28,0) | CZ31: 休日 | DD31: =IF(Q28="作業者3",N31-N28,0) | DJ31: 休日 | DN31: =IF(Q28="作業者4",N31-N28,0) | DT31: 休日 | DX31: =IF(Q28="作業者5",N31-N28,0)
CF32: 移動 | CJ32: =IF(Q32="作業者1",E35-E32,0) | CP32: 移動 | CT32: =IF(Q32="作業者2",E35-E32,0) | CZ32: 移動 | DD32: =IF(Q32="作業者3",E35-E32,0) | DJ32: 移動 | DN32: =IF(Q32="作業者4",E35-E32,0) | DT32: 移動 | DX32: =IF(Q32="作業者5",E35-E32,0)
F33: ～ | I33: ～ | L33: ～ | O33: ～ | CF33: 時間内 | CJ33: =IF(Q32="作業者1",H35-H32,0) | CP33: 時間内 | CT33: =IF(Q32="作業者2",H35-H32,0) | CZ33: 時間内 | DD33: =IF(Q32="作業者3",H35-H32,0) | DJ33: 時間内 | DN33: =IF(Q32="作業者4",H35-H32,0) | DT33: 時間内 | DX33: =IF(Q32="作業者5",H35-H32,0)
CF34: 時間外 | CJ34: =IF(Q32="作業者1",K35-K32,0) | CP34: 時間外 | CT34: =IF(Q32="作業者2",K35-K32,0) | CZ34: 時間外 | DD34: =IF(Q32="作業者3",K35-K32,0) | DJ34: 時間外 | DN34: =IF(Q32="作業者4",K35-K32,0) | DT34: 時間外 | DX34: =IF(Q32="作業者5",K35-K32,0)
CF35: 休日 | CJ35: =IF(Q32="作業者1",N35-N32,0) | CP35: 休日 | CT35: =IF(Q32="作業者2",N35-N32,0) | CZ35: 休日 | DD35: =IF(Q32="作業者3",N35-N32,0) | DJ35: 休日 | DN35: =IF(Q32="作業者4",N35-N32,0) | DT35: 休日 | DX35: =IF(Q32="作業者5",N35-N32,0)
CF36: 移動 | CJ36: =IF(Q36="作業者1",E39-E36,0) | CP36: 移動 | CT36: =IF(Q36="作業者2",E39-E36,0) | CZ36: 移動 | DD36: =IF(Q36="作業者3",E39-E36,0) | DJ36: 移動 | DN36: =IF(Q36="作業者4",E39-E36,0) | DT36: 移動 | DX36: =IF(Q36="作業者5",E39-E36,0)
F37: ～ | I37: ～ | L37: ～ | O37: ～ | CF37: 時間内 | CJ37: =IF(Q36="作業者1",H39-H36,0) | CP37: 時間内 | CT37: =IF(Q36="作業者2",H39-H36,0) | CZ37: 時間内 | DD37: =IF(Q36="作業者3",H39-H36,0) | DJ37: 時間内 | DN37: =IF(Q36="作業者4",H39-H36,0) | DT37: 時間内 | DX37: =IF(Q36="作業者5",H39-H36,0)
CF38: 時間外 | CJ38: =IF(Q36="作業者1",K39-K36,0) | CP38: 時間外 | CT38: =IF(Q36="作業者2",K39-K36,0) | CZ38: 時間外 | DD38: =IF(Q36="作業者3",K39-K36,0) | DJ38: 時間外 | DN38: =IF(Q36="作業者4",K39-K36,0) | DT38: 時間外 | DX38: =IF(Q36="作業者5",K39-K36,0)
CF39: 休日 | CJ39: =IF(Q36="作業者1",N39-N36,0) | CP39: 休日 | CT39: =IF(Q36="作業者2",N39-N36,0) | CZ39: 休日 | DD39: =IF(Q36="作業者3",N39-N36,0) | DJ39: 休日 | DN39: =IF(Q36="作業者4",N39-N36,0) | DT39: 休日 | DX39: =IF(Q36="作業者5",N39-N36,0)
CF40: 移動 | CJ40: =IF(Q40="作業者1",E43-E40,0) | CP40: 移動 | CT40: =IF(Q40="作業者2",E43-E40,0) | CZ40: 移動 | DD40: =IF(Q40="作業者3",E43-E40,0) | DJ40: 移動 | DN40: =IF(Q40="作業者4",E43-E40,0) | DT40: 移動 | DX40: =IF(Q40="作業者5",E43-E40,0)
F41: ～ | I41: ～ | L41: ～ | O41: ～ | CF41: 時間内 | CJ41: =IF(Q40="作業者1",H43-H40,0) | CP41: 時間内 | CT41: =IF(Q40="作業者2",H43-H40,0) | CZ41: 時間内 | DD41: =IF(Q40="作業者3",H43-H40,0) | DJ41: 時間内 | DN41: =IF(Q40="作業者4",H43-H40,0) | DT41: 時間内 | DX41: =IF(Q40="作業者5",H43-H40,0)
CF42: 時間外 | CJ42: =IF(Q40="作業者1",K43-K40,0) | CP42: 時間外 | CT42: =IF(Q40="作業者2",K43-K40,0) | CZ42: 時間外 | DD42: =IF(Q40="作業者3",K43-K40,0) | DJ42: 時間外 | DN42: =IF(Q40="作業者4",K43-K40,0) | DT42: 時間外 | DX42: =IF(Q40="作業者5",K43-K40,0)
CF43: 休日 | CJ43: =IF(Q40="作業者1",N43-N40,0) | CP43: 休日 | CT43: =IF(Q40="作業者2",N43-N40,0) | CZ43: 休日 | DD43: =IF(Q40="作業者3",N43-N40,0) | DJ43: 休日 | DN43: =IF(Q40="作業者4",N43-N40,0) | DT43: 休日 | DX43: =IF(Q40="作業者5",N43-N40,0)
CF44: 移動 | CJ44: =IF(Q44="作業者1",E47-E44,0) | CP44: 移動 | CT44: =IF(Q44="作業者2",E47-E44,0) | CZ44: 移動 | DD44: =IF(Q44="作業者3",E47-E44,0) | DJ44: 移動 | DN44: =IF(Q44="作業者4",E47-E44,0) | DT44: 移動 | DX44: =IF(Q44="作業者5",E47-E44,0)
F45: ～ | I45: ～ | L45: ～ | O45: ～ | CF45: 時間内 | CJ45: =IF(Q44="作業者1",H47-H44,0) | CP45: 時間内 | CT45: =IF(Q44="作業者2",H47-H44,0) | CZ45: 時間内 | DD45: =IF(Q44="作業者3",H47-H44,0) | DJ45: 時間内 | DN45: =IF(Q44="作業者4",H47-H44,0) | DT45: 時間内 | DX45: =IF(Q44="作業者5",H47-H44,0)
CF46: 時間外 | CJ46: =IF(Q44="作業者1",K47-K44,0) | CP46: 時間外 | CT46: =IF(Q44="作業者2",K47-K44,0) | CZ46: 時間外 | DD46: =IF(Q44="作業者3",K47-K44,0) | DJ46: 時間外 | DN46: =IF(Q44="作業者4",K47-K44,0) | DT46: 時間外 | DX46: =IF(Q44="作業者5",K47-K44,0)
CF47: 休日 | CJ47: =IF(Q44="作業者1",N47-N44,0) | CP47: 休日 | CT47: =IF(Q44="作業者2",N47-N44,0) | CZ47: 休日 | DD47: =IF(Q44="作業者3",N47-N44,0) | DJ47: 休日 | DN47: =IF(Q44="作業者4",N47-N44,0) | DT47: 休日 | DX47: =IF(Q44="作業者5",N47-N44,0)
CF48: 移動 | CJ48: =IF(Q48="作業者1",E51-E48,0) | CP48: 移動 | CT48: =IF(Q48="作業者2",E51-E48,0) | CZ48: 移動 | DD48: =IF(Q48="作業者3",E51-E48,0) | DJ48: 移動 | DN48: =IF(Q48="作業者4",E51-E48,0) | DT48: 移動 | DX48: =IF(Q48="作業者5",E51-E48,0)
F49: ～ | I49: ～ | L49: ～ | O49: ～ | CF49: 時間内 | CJ49: =IF(Q48="作業者1",H51-H48,0) | CP49: 時間内 | CT49: =IF(Q48="作業者2",H51-H48,0) | CZ49: 時間内 | DD49: =IF(Q48="作業者3",H51-H48,0) | DJ49: 時間内 | DN49: =IF(Q48="作業者4",H51-H48,0) | DT49: 時間内 | DX49: =IF(Q48="作業者5",H51-H48,0)
CF50: 時間外 | CJ50: =IF(Q48="作業者1",K51-K48,0) | CP50: 時間外 | CT50: =IF(Q48="作業者2",K51-K48,0) | CZ50: 時間外 | DD50: =IF(Q48="作業者3",K51-K48,0) | DJ50: 時間外 | DN50: =IF(Q48="作業者4",K51-K48,0) | DT50: 時間外 | DX50: =IF(Q48="作業者5",K51-K48,0)
CF51: 休日 | CJ51: =IF(Q48="作業者1",N51-N48,0) | CP51: 休日 | CT51: =IF(Q48="作業者2",N51-N48,0) | CZ51: 休日 | DD51: =IF(Q48="作業者3",N51-N48,0) | DJ51: 休日 | DN51: =IF(Q48="作業者4",N51-N48,0) | DT51: 休日 | DX51: =IF(Q48="作業者5",N51-N48,0)
CF52: 移動 | CJ52: =IF(Q52="作業者1",E55-E52,0) | CP52: 移動 | CT52: =IF(Q52="作業者2",E55-E52,0) | CZ52: 移動 | DD52: =IF(Q52="作業者3",E55-E52,0) | DJ52: 移動 | DN52: =IF(Q52="作業者4",E55-E52,0) | DT52: 移動 | DX52: =IF(Q52="作業者5",E55-E52,0)
F53: ～ | I53: ～ | L53: ～ | O53: ～ | CF53: 時間内 | CJ53: =IF(Q52="作業者1",H55-H52,0) | CP53: 時間内 | CT53: =IF(Q52="作業者2",H55-H52,0) | CZ53: 時間内 | DD53: =IF(Q52="作業者3",H55-H52,0) | DJ53: 時間内 | DN53: =IF(Q52="作業者4",H55-H52,0) | DT53: 時間内 | DX53: =IF(Q52="作業者5",H55-H52,0)
CF54: 時間外 | CJ54: =IF(Q52="作業者1",K55-K52,0) | CP54: 時間外 | CT54: =IF(Q52="作業者2",K55-K52,0) | CZ54: 時間外 | DD54: =IF(Q52="作業者3",K55-K52,0) | DJ54: 時間外 | DN54: =IF(Q52="作業者4",K55-K52,0) | DT54: 時間外 | DX54: =IF(Q52="作業者5",K55-K52,0)
CF55: 休日 | CJ55: =IF(Q52="作業者1",N55-N52,0) | CP55: 休日 | CT55: =IF(Q52="作業者2",N55-N52,0) | CZ55: 休日 | DD55: =IF(Q52="作業者3",N55-N52,0) | DJ55: 休日 | DN55: =IF(Q52="作業者4",N55-N52,0) | DT55: 休日 | DX55: =IF(Q52="作業者5",N55-N52,0)
CF56: 移動 | CJ56: =IF(Q56="作業者1",E59-E56,0) | CP56: 移動 | CT56: =IF(Q56="作業者2",E59-E56,0) | CZ56: 移動 | DD56: =IF(Q56="作業者3",E59-E56,0) | DJ56: 移動 | DN56: =IF(Q56="作業者4",E59-E56,0) | DT56: 移動 | DX56: =IF(Q56="作業者5",E59-E56,0)
F57: ～ | I57: ～ | L57: ～ | O57: ～ | CF57: 時間内 | CJ57: =IF(Q56="作業者1",H59-H56,0) | CP57: 時間内 | CT57: =IF(Q56="作業者2",H59-H56,0) | CZ57: 時間内 | DD57: =IF(Q56="作業者3",H59-H56,0) | DJ57: 時間内 | DN57: =IF(Q56="作業者4",H59-H56,0) | DT57: 時間内 | DX57: =IF(Q56="作業者5",H59-H56,0)
CF58: 時間外 | CJ58: =IF(Q56="作業者1",K59-K56,0) | CP58: 時間外 | CT58: =IF(Q56="作業者2",K59-K56,0) | CZ58: 時間外 | DD58: =IF(Q56="作業者3",K59-K56,0) | DJ58: 時間外 | DN58: =IF(Q56="作業者4",K59-K56,0) | DT58: 時間外 | DX58: =IF(Q56="作業者5",K59-K56,0)
CF59: 休日 | CJ59: =IF(Q56="作業者1",N59-N56,0) | CP59: 休日 | CT59: =IF(Q56="作業者2",N59-N56,0) | CZ59: 休日 | DD59: =IF(Q56="作業者3",N59-N56,0) | DJ59: 休日 | DN59: =IF(Q56="作業者4",N59-N56,0) | DT59: 休日 | DX59: =IF(Q56="作業者5",N59-N56,0)
CF60: 移動 | CJ60: =IF(Q60="作業者1",E63-E60,0) | CP60: 移動 | CT60: =IF(Q60="作業者2",E63-E60,0) | CZ60: 移動 | DD60: =IF(Q60="作業者3",E63-E60,0) | DJ60: 移動 | DN60: =IF(Q60="作業者4",E63-E60,0) | DT60: 移動 | DX60: =IF(Q60="作業者5",E63-E60,0)
F61: ～ | I61: ～ | L61: ～ | O61: ～ | CF61: 時間内 | CJ61: =IF(Q60="作業者1",H63-H60,0) | CP61: 時間内 | CT61: =IF(Q60="作業者2",H63-H60,0) | CZ61: 時間内 | DD61: =IF(Q60="作業者3",H63-H60,0) | DJ61: 時間内 | DN61: =IF(Q60="作業者4",H63-H60,0) | DT61: 時間内 | DX61: =IF(Q60="作業者5",H63-H60,0)
CF62: 時間外 | CJ62: =IF(Q60="作業者1",K63-K60,0) | CP62: 時間外 | CT62: =IF(Q60="作業者2",K63-K60,0) | CZ62: 時間外 | DD62: =IF(Q60="作業者3",K63-K60,0) | DJ62: 時間外 | DN62: =IF(Q60="作業者4",K63-K60,0) | DT62: 時間外 | DX62: =IF(Q60="作業者5",K63-K60,0)
CF63: 休日 | CJ63: =IF(Q60="作業者1",N63-N60,0) | CP63: 休日 | CT63: =IF(Q60="作業者2",N63-N60,0) | CZ63: 休日 | DD63: =IF(Q60="作業者3",N63-N60,0) | DJ63: 休日 | DN63: =IF(Q60="作業者4",N63-N60,0) | DT63: 休日 | DX63: =IF(Q60="作業者5",N63-N60,0)
CF64: 移動 | CJ64: =IF(Q64="作業者1",E67-E64,0) | CP64: 移動 | CT64: =IF(Q64="作業者2",E67-E64,0) | CZ64: 移動 | DD64: =IF(Q64="作業者3",E67-E64,0) | DJ64: 移動 | DN64: =IF(Q64="作業者4",E67-E64,0) | DT64: 移動 | DX64: =IF(Q64="作業者5",E67-E64,0)
F65: ～ | I65: ～ | L65: ～ | O65: ～ | CF65: 時間内 | CJ65: =IF(Q64="作業者1",H67-H64,0) | CP65: 時間内 | CT65: =IF(Q64="作業者2",H67-H64,0) | CZ65: 時間内 | DD65: =IF(Q64="作業者3",H67-H64,0) | DJ65: 時間内 | DN65: =IF(Q64="作業者4",H67-H64,0) | DT65: 時間内 | DX65: =IF(Q64="作業者5",H67-H64,0)
CF66: 時間外 | CJ66: =IF(Q64="作業者1",K67-K64,0) | CP66: 時間外 | CT66: =IF(Q64="作業者2",K67-K64,0) | CZ66: 時間外 | DD66: =IF(Q64="作業者3",K67-K64,0) | DJ66: 時間外 | DN66: =IF(Q64="作業者4",K67-K64,0) | DT66: 時間外 | DX66: =IF(Q64="作業者5",K67-K64,0)
CF67: 休日 | CJ67: =IF(Q64="作業者1",N67-N64,0) | CP67: 休日 | CT67: =IF(Q64="作業者2",N67-N64,0) | CZ67: 休日 | DD67: =IF(Q64="作業者3",N67-N64,0) | DJ67: 休日 | DN67: =IF(Q64="作業者4",N67-N64,0) | DT67: 休日 | DX67: =IF(Q64="作業者5",N67-N64,0)
B69: 月／日 | E69: 移 動 | H69: 作業内 (平日) | K69: 作業外 (平日) | N69: 休日 | Q69: 作業者 | T69: 場 所 | W69: 作 業 内 容 | CF69: 所要時間 作業者1 | CP69: 所要時間 作業者2 | CZ69: 所要時間 作業者3 | DJ69: 所要時間 作業者4 | DT69: 所要時間 作業者5
CF71: 移動 | CJ71: =IF(Q71="作業者1",E74-E71,0) | CP71: 移動 | CT71: =IF(Q71="作業者2",E74-E71,0) | CZ71: 移動 | DD71: =IF(Q71="作業者3",E74-E71,0) | DJ71: 移動 | DN71: =IF(Q71="作業者4",E74-E71,0) | DT71: 移動 | DX71: =IF(Q71="作業者5",E74-E71,0)
F72: ～ | I72: ～ | L72: ～ | O72: ～ | CF72: 時間内 | CJ72: =IF(Q71="作業者1",H74-H71,0) | CP72: 時間内 | CT72: =IF(Q71="作業者2",H74-H71,0) | CZ72: 時間内 | DD72: =IF(Q71="作業者3",H74-H71,0) | DJ72: 時間内 | DN72: =IF(Q71="作業者4",H74-H71,0) | DT72: 時間内 | DX72: =IF(Q71="作業者5",H74-H71,0)
CF73: 時間外 | CJ73: =IF(Q71="作業者1",K74-K71,0) | CP73: 時間外 | CT73: =IF(Q71="作業者2",K74-K71,0) | CZ73: 時間外 | DD73: =IF(Q71="作業者3",K74-K71,0) | DJ73: 時間外 | DN73: =IF(Q71="作業者4",K74-K71,0) | DT73: 時間外 | DX73: =IF(Q71="作業者5",K74-K71,0)
CF74: 休日 | CJ74: =IF(Q71="作業者1",N74-N71,0) | CP74: 休日 | CT74: =IF(Q71="作業者2",N74-N71,0) | CZ74: 休日 | DD74: =IF(Q71="作業者3",N74-N71,0) | DJ74: 休日 | DN74: =IF(Q71="作業者4",N74-N71,0) | DT74: 休日 | DX74: =IF(Q71="作業者5",N74-N71,0)
CF75: 移動 | CJ75: =IF(Q75="作業者1",E78-E75,0) | CP75: 移動 | CT75: =IF(Q75="作業者2",E78-E75,0) | CZ75: 移動 | DD75: =IF(Q75="作業者3",E78-E75,0) | DJ75: 移動 | DN75: =IF(Q75="作業者4",E78-E75,0) | DT75: 移動 | DX75: =IF(Q75="作業者5",E78-E75,0)
F76: ～ | I76: ～ | L76: ～ | O76: ～ | CF76: 時間内 | CJ76: =IF(Q75="作業者1",H78-H75,0) | CP76: 時間内 | CT76: =IF(Q75="作業者2",H78-H75,0) | CZ76: 時間内 | DD76: =IF(Q75="作業者3",H78-H75,0) | DJ76: 時間内 | DN76: =IF(Q75="作業者4",H78-H75,0) | DT76: 時間内 | DX76: =IF(Q75="作業者5",H78-H75,0)
CF77: 時間外 | CJ77: =IF(Q75="作業者1",K78-K75,0) | CP77: 時間外 | CT77: =IF(Q75="作業者2",K78-K75,0) | CZ77: 時間外 | DD77: =IF(Q75="作業者3",K78-K75,0) | DJ77: 時間外 | DN77: =IF(Q75="作業者4",K78-K75,0) | DT77: 時間外 | DX77: =IF(Q75="作業者5",K78-K75,0)
CF78: 休日 | CJ78: =IF(Q75="作業者1",N78-N75,0) | CP78: 休日 | CT78: =IF(Q75="作業者2",N78-N75,0) | CZ78: 休日 | DD78: =IF(Q75="作業者3",N78-N75,0) | DJ78: 休日 | DN78: =IF(Q75="作業者4",N78-N75,0) | DT78: 休日 | DX78: =IF(Q75="作業者5",N78-N75,0)
CF79: 移動 | CJ79: =IF(Q79="作業者1",E82-E79,0) | CP79: 移動 | CT79: =IF(Q79="作業者2",E82-E79,0) | CZ79: 移動 | DD79: =IF(Q79="作業者3",E82-E79,0) | DJ79: 移動 | DN79: =IF(Q79="作業者4",E82-E79,0) | DT79: 移動 | DX79: =IF(Q79="作業者5",E82-E79,0)
F80: ～ | I80: ～ | L80: ～ | O80: ～ | CF80: 時間内 | CJ80: =IF(Q79="作業者1",H82-H79,0) | CP80: 時間内 | CT80: =IF(Q79="作業者2",H82-H79,0) | CZ80: 時間内 | DD80: =IF(Q79="作業者3",H82-H79,0) | DJ80: 時間内 | DN80: =IF(Q79="作業者4",H82-H79,0) | DT80: 時間内 | DX80: =IF(Q79="作業者5",H82-H79,0)
CF81: 時間外 | CJ81: =IF(Q79="作業者1",K82-K79,0) | CP81: 時間外 | CT81: =IF(Q79="作業者2",K82-K79,0) | CZ81: 時間外 | DD81: =IF(Q79="作業者3",K82-K79,0) | DJ81: 時間外 | DN81: =IF(Q79="作業者4",K82-K79,0) | DT81: 時間外 | DX81: =IF(Q79="作業者5",K82-K79,0)
CF82: 休日 | CJ82: =IF(Q79="作業者1",N82-N79,0) | CP82: 休日 | CT82: =IF(Q79="作業者2",N82-N79,0) | CZ82: 休日 | DD82: =IF(Q79="作業者3",N82-N79,0) | DJ82: 休日 | DN82: =IF(Q79="作業者4",N82-N79,0) | DT82: 休日 | DX82: =IF(Q79="作業者5",N82-N79,0)
CF83: 移動 | CJ83: =IF(Q83="作業者1",E86-E83,0) | CP83: 移動 | CT83: =IF(Q83="作業者2",E86-E83,0) | CZ83: 移動 | DD83: =IF(Q83="作業者3",E86-E83,0) | DJ83: 移動 | DN83: =IF(Q83="作業者4",E86-E83,0) | DT83: 移動 | DX83: =IF(Q83="作業者5",E86-E83,0)
F84: ～ | I84: ～ | L84: ～ | O84: ～ | CF84: 時間内 | CJ84: =IF(Q83="作業者1",H86-H83,0) | CP84: 時間内 | CT84: =IF(Q83="作業者2",H86-H83,0) | CZ84: 時間内 | DD84: =IF(Q83="作業者3",H86-H83,0) | DJ84: 時間内 | DN84: =IF(Q83="作業者4",H86-H83,0) | DT84: 時間内 | DX84: =IF(Q83="作業者5",H86-H83,0)
CF85: 時間外 | CJ85: =IF(Q83="作業者1",K86-K83,0) | CP85: 時間外 | CT85: =IF(Q83="作業者2",K86-K83,0) | CZ85: 時間外 | DD85: =IF(Q83="作業者3",K86-K83,0) | DJ85: 時間外 | DN85: =IF(Q83="作業者4",K86-K83,0) | DT85: 時間外 | DX85: =IF(Q83="作業者5",K86-K83,0)
CF86: 休日 | CJ86: =IF(Q83="作業者1",N86-N83,0) | CP86: 休日 | CT86: =IF(Q83="作業者2",N86-N83,0) | CZ86: 休日 | DD86: =IF(Q83="作業者3",N86-N83,0) | DJ86: 休日 | DN86: =IF(Q83="作業者4",N86-N83,0) | DT86: 休日 | DX86: =IF(Q83="作業者5",N86-N83,0)
CF87: 移動 | CJ87: =IF(Q87="作業者1",E90-E87,0) | CP87: 移動 | CT87: =IF(Q87="作業者2",E90-E87,0) | CZ87: 移動 | DD87: =IF(Q87="作業者3",E90-E87,0) | DJ87: 移動 | DN87: =IF(Q87="作業者4",E90-E87,0) | DT87: 移動 | DX87: =IF(Q87="作業者5",E90-E87,0)
F88: ～ | I88: ～ | L88: ～ | O88: ～ | CF88: 時間内 | CJ88: =IF(Q87="作業者1",H90-H87,0) | CP88: 時間内 | CT88: =IF(Q87="作業者2",H90-H87,0) | CZ88: 時間内 | DD88: =IF(Q87="作業者3",H90-H87,0) | DJ88: 時間内 | DN88: =IF(Q87="作業者4",H90-H87,0) | DT88: 時間内 | DX88: =IF(Q87="作業者5",H90-H87,0)
CF89: 時間外 | CJ89: =IF(Q87="作業者1",K90-K87,0) | CP89: 時間外 | CT89: =IF(Q87="作業者2",K90-K87,0) | CZ89: 時間外 | DD89: =IF(Q87="作業者3",K90-K87,0) | DJ89: 時間外 | DN89: =IF(Q87="作業者4",K90-K87,0) | DT89: 時間外 | DX89: =IF(Q87="作業者5",K90-K87,0)
CF90: 休日 | CJ90: =IF(Q87="作業者1",N90-N87,0) | CP90: 休日 | CT90: =IF(Q87="作業者2",N90-N87,0) | CZ90: 休日 | DD90: =IF(Q87="作業者3",N90-N87,0) | DJ90: 休日 | DN90: =IF(Q87="作業者4",N90-N87,0) | DT90: 休日 | DX90: =IF(Q87="作業者5",N90-N87,0)
CF91: 移動 | CJ91: =IF(Q91="作業者1",E94-E91,0) | CP91: 移動 | CT91: =IF(Q91="作業者2",E94-E91,0) | CZ91: 移動 | DD91: =IF(Q91="作業者3",E94-E91,0) | DJ91: 移動 | DN91: =IF(Q91="作業者4",E94-E91,0) | DT91: 移動 | DX91: =IF(Q91="作業者5",E94-E91,0)
F92: ～ | I92: ～ | L92: ～ | O92: ～ | CF92: 時間内 | CJ92: =IF(Q91="作業者1",H94-H91,0) | CP92: 時間内 | CT92: =IF(Q91="作業者2",H94-H91,0) | CZ92: 時間内 | DD92: =IF(Q91="作業者3",H94-H91,0) | DJ92: 時間内 | DN92: =IF(Q91="作業者4",H94-H91,0) | DT92: 時間内 | DX92: =IF(Q91="作業者5",H94-H91,0)
CF93: 時間外 | CJ93: =IF(Q91="作業者1",K94-K91,0) | CP93: 時間外 | CT93: =IF(Q91="作業者2",K94-K91,0) | CZ93: 時間外 | DD93: =IF(Q91="作業者3",K94-K91,0) | DJ93: 時間外 | DN93: =IF(Q91="作業者4",K94-K91,0) | DT93: 時間外 | DX93: =IF(Q91="作業者5",K94-K91,0)
CF94: 休日 | CJ94: =IF(Q91="作業者1",N94-N91,0) | CP94: 休日 | CT94: =IF(Q91="作業者2",N94-N91,0) | CZ94: 休日 | DD94: =IF(Q91="作業者3",N94-N91,0) | DJ94: 休日 | DN94: =IF(Q91="作業者4",N94-N91,0) | DT94: 休日 | DX94: =IF(Q91="作業者5",N94-N91,0)
CF95: 移動 | CJ95: =IF(Q95="作業者1",E98-E95,0) | CP95: 移動 | CT95: =IF(Q95="作業者2",E98-E95,0) | CZ95: 移動 | DD95: =IF(Q95="作業者3",E98-E95,0) | DJ95: 移動 | DN95: =IF(Q95="作業者4",E98-E95,0) | DT95: 移動 | DX95: =IF(Q95="作業者5",E98-E95,0)
F96: ～ | I96: ～ | L96: ～ | O96: ～ | CF96: 時間内 | CJ96: =IF(Q95="作業者1",H98-H95,0) | CP96: 時間内 | CT96: =IF(Q95="作業者2",H98-H95,0) | CZ96: 時間内 | DD96: =IF(Q95="作業者3",H98-H95,0) | DJ96: 時間内 | DN96: =IF(Q95="作業者4",H98-H95,0) | DT96: 時間内 | DX96: =IF(Q95="作業者5",H98-H95,0)
CF97: 時間外 | CJ97: =IF(Q95="作業者1",K98-K95,0) | CP97: 時間外 | CT97: =IF(Q95="作業者2",K98-K95,0) | CZ97: 時間外 | DD97: =IF(Q95="作業者3",K98-K95,0) | DJ97: 時間外 | DN97: =IF(Q95="作業者4",K98-K95,0) | DT97: 時間外 | DX97: =IF(Q95="作業者5",K98-K95,0)
CF98: 休日 | CJ98: =IF(Q95="作業者1",N98-N95,0) | CP98: 休日 | CT98: =IF(Q95="作業者2",N98-N95,0) | CZ98: 休日 | DD98: =IF(Q95="作業者3",N98-N95,0) | DJ98: 休日 | DN98: =IF(Q95="作業者4",N98-N95,0) | DT98: 休日 | DX98: =IF(Q95="作業者5",N98-N95,0)
CF99: 移動 | CJ99: =IF(Q99="作業者1",E102-E99,0) | CP99: 移動 | CT99: =IF(Q99="作業者2",E102-E99,0) | CZ99: 移動 | DD99: =IF(Q99="作業者3",E102-E99,0) | DJ99: 移動 | DN99: =IF(Q99="作業者4",E102-E99,0) | DT99: 移動 | DX99: =IF(Q99="作業者5",E102-E99,0)
F100: ～ | I100: ～ | L100: ～ | O100: ～ | CF100: 時間内 | CJ100: =IF(Q99="作業者1",H102-H99,0) | CP100: 時間内 | CT100: =IF(Q99="作業者2",H102-H99,0) | CZ100: 時間内 | DD100: =IF(Q99="作業者3",H102-H99,0) | DJ100: 時間内 | DN100: =IF(Q99="作業者4",H102-H99,0) | DT100: 時間内 | DX100: =IF(Q99="作業者5",H102-H99,0)
CF101: 時間外 | CJ101: =IF(Q99="作業者1",K102-K99,0) | CP101: 時間外 | CT101: =IF(Q99="作業者2",K102-K99,0) | CZ101: 時間外 | DD101: =IF(Q99="作業者3",K102-K99,0) | DJ101: 時間外 | DN101: =IF(Q99="作業者4",K102-K99,0) | DT101: 時間外 | DX101: =IF(Q99="作業者5",K102-K99,0)
CF102: 休日 | CJ102: =IF(Q99="作業者1",N102-N99,0) | CP102: 休日 | CT102: =IF(Q99="作業者2",N102-N99,0) | CZ102: 休日 | DD102: =IF(Q99="作業者3",N102-N99,0) | DJ102: 休日 | DN102: =IF(Q99="作業者4",N102-N99,0) | DT102: 休日 | DX102: =IF(Q99="作業者5",N102-N99,0)
CF103: 移動 | CJ103: =IF(Q103="作業者1",E106-E103,0) | CP103: 移動 | CT103: =IF(Q103="作業者2",E106-E103,0) | CZ103: 移動 | DD103: =IF(Q103="作業者3",E106-E103,0) | DJ103: 移動 | DN103: =IF(Q103="作業者4",E106-E103,0) | DT103: 移動 | DX103: =IF(Q103="作業者5",E106-E103,0)
F104: ～ | I104: ～ | L104: ～ | O104: ～ | CF104: 時間内 | CJ104: =IF(Q103="作業者1",H106-H103,0) | CP104: 時間内 | CT104: =IF(Q103="作業者2",H106-H103,0) | CZ104: 時間内 | DD104: =IF(Q103="作業者3",H106-H103,0) | DJ104: 時間内 | DN104: =IF(Q103="作業者4",H106-H103,0) | DT104: 時間内 | DX104: =IF(Q103="作業者5",H106-H103,0)
...

Sheet 作業報告書 (5)
B2: 月／日 | E2: 移 動 | H2: 作業内 (平日) | K2: 作業外 (平日) | N2: 休日 | Q2: 作業者 | T2: 場 所 | W2: 作 業 内 容 | CF2: 所要時間 作業者1 | CP2: 所要時間 作業者2 | CZ2: 所要時間 作業者3 | DJ2: 所要時間 作業者4 | DT2: 所要時間 作業者5
CF4: 移動 | CJ4: =IF(Q4="作業者1",E7-E4,0) | CP4: 移動 | CT4: =IF(Q4="作業者2",E7-E4,0) | CZ4: 移動 | DD4: =IF(Q4="作業者3",E7-E4,0) | DJ4: 移動 | DN4: =IF(Q4="作業者4",E7-E4,0) | DT4: 移動 | DX4: =IF(Q4="作業者5",E7-E4,0)
F5: ～ | I5: ～ | L5: ～ | O5: ～ | CF5: 時間内 | CJ5: =IF(Q4="作業者1",H7-H4,0) | CP5: 時間内 | CT5: =IF(Q4="作業者2",H7-H4,0) | CZ5: 時間内 | DD5: =IF(Q4="作業者3",H7-H4,0) | DJ5: 時間内 | DN5: =IF(Q4="作業者4",H7-H4,0) | DT5: 時間内 | DX5: =IF(Q4="作業者5",H7-H4,0)
CF6: 時間外 | CJ6: =IF(Q4="作業者1",K7-K4,0) | CP6: 時間外 | CT6: =IF(Q4="作業者2",K7-K4,0) | CZ6: 時間外 | DD6: =IF(Q4="作業者3",K7-K4,0) | DJ6: 時間外 | DN6: =IF(Q4="作業者4",K7-K4,0) | DT6: 時間外 | DX6: =IF(Q4="作業者5",K7-K4,0)
CF7: 休日 | CJ7: =IF(Q4="作業者1",N7-N4,0) | CP7: 休日 | CT7: =IF(Q4="作業者2",N7-N4,0) | CZ7: 休日 | DD7: =IF(Q4="作業者3",N7-N4,0) | DJ7: 休日 | DN7: =IF(Q4="作業者4",N7-N4,0) | DT7: 休日 | DX7: =IF(Q4="作業者5",N7-N4,0)
CF8: 移動 | CJ8: =IF(Q8="作業者1",E11-E8,0) | CP8: 移動 | CT8: =IF(Q8="作業者2",E11-E8,0) | CZ8: 移動 | DD8: =IF(Q8="作業者3",E11-E8,0) | DJ8: 移動 | DN8: =IF(Q8="作業者4",E11-E8,0) | DT8: 移動 | DX8: =IF(Q8="作業者5",E11-E8,0)
F9: ～ | I9: ～ | L9: ～ | O9: ～ | CF9: 時間内 | CJ9: =IF(Q8="作業者1",H11-H8,0) | CP9: 時間内 | CT9: =IF(Q8="作業者2",H11-H8,0) | CZ9: 時間内 | DD9: =IF(Q8="作業者3",H11-H8,0) | DJ9: 時間内 | DN9: =IF(Q8="作業者4",H11-H8,0) | DT9: 時間内 | DX9: =IF(Q8="作業者5",H11-H8,0)
CF10: 時間外 | CJ10: =IF(Q8="作業者1",K11-K8,0) | CP10: 時間外 | CT10: =IF(Q8="作業者2",K11-K8,0) | CZ10: 時間外 | DD10: =IF(Q8="作業者3",K11-K8,0) | DJ10: 時間外 | DN10: =IF(Q8="作業者4",K11-K8,0) | DT10: 時間外 | DX10: =IF(Q8="作業者5",K11-K8,0)
CF11: 休日 | CJ11: =IF(Q8="作業者1",N11-N8,0) | CP11: 休日 | CT11: =IF(Q8="作業者2",N11-N8,0) | CZ11: 休日 | DD11: =IF(Q8="作業者3",N11-N8,0) | DJ11: 休日 | DN11: =IF(Q8="作業者4",N11-N8,0) | DT11: 休日 | DX11: =IF(Q8="作業者5",N11-N8,0)
CF12: 移動 | CJ12: =IF(Q12="作業者1",E15-E12,0) | CP12: 移動 | CT12: =IF(Q12="作業者2",E15-E12,0) | CZ12: 移動 | DD12: =IF(Q12="作業者3",E15-E12,0) | DJ12: 移動 | DN12: =IF(Q12="作業者4",E15-E12,0) | DT12: 移動 | DX12: =IF(Q12="作業者5",E15-E12,0)
F13: ～ | I13: ～ | L13: ～ | O13: ～ | CF13: 時間内 | CJ13: =IF(Q12="作業者1",H15-H12,0) | CP13: 時間内 | CT13: =IF(Q12="作業者2",H15-H12,0) | CZ13: 時間内 | DD13: =IF(Q12="作業者3",H15-H12,0) | DJ13: 時間内 | DN13: =IF(Q12="作業者4",H15-H12,0) | DT13: 時間内 | DX13: =IF(Q12="作業者5",H15-H12,0)
CF14: 時間外 | CJ14: =IF(Q12="作業者1",K15-K12,0) | CP14: 時間外 | CT14: =IF(Q12="作業者2",K15-K12,0) | CZ14: 時間外 | DD14: =IF(Q12="作業者3",K15-K12,0) | DJ14: 時間外 | DN14: =IF(Q12="作業者4",K15-K12,0) | DT14: 時間外 | DX14: =IF(Q12="作業者5",K15-K12,0)
CF15: 休日 | CJ15: =IF(Q12="作業者1",N15-N12,0) | CP15: 休日 | CT15: =IF(Q12="作業者2",N15-N12,0) | CZ15: 休日 | DD15: =IF(Q12="作業者3",N15-N12,0) | DJ15: 休日 | DN15: =IF(Q12="作業者4",N15-N12,0) | DT15: 休日 | DX15: =IF(Q12="作業者5",N15-N12,0)
CF16: 移動 | CJ16: =IF(Q16="作業者1",E19-E16,0) | CP16: 移動 | CT16: =IF(Q16="作業者2",E19-E16,0) | CZ16: 移動 | DD16: =IF(Q16="作業者3",E19-E16,0) | DJ16: 移動 | DN16: =IF(Q16="作業者4",E19-E16,0) | DT16: 移動 | DX16: =IF(Q16="作業者5",E19-E16,0)
F17: ～ | I17: ～ | L17: ～ | O17: ～ | CF17: 時間内 | CJ17: =IF(Q16="作業者1",H19-H16,0) | CP17: 時間内 | CT17: =IF(Q16="作業者2",H19-H16,0) | CZ17: 時間内 | DD17: =IF(Q16="作業者3",H19-H16,0) | DJ17: 時間内 | DN17: =IF(Q16="作業者4",H19-H16,0) | DT17: 時間内 | DX17: =IF(Q16="作業者5",H19-H16,0)
CF18: 時間外 | CJ18: =IF(Q16="作業者1",K19-K16,0) | CP18: 時間外 | CT18: =IF(Q16="作業者2",K19-K16,0) | CZ18: 時間外 | DD18: =IF(Q16="作業者3",K19-K16,0) | DJ18: 時間外 | DN18: =IF(Q16="作業者4",K19-K16,0) | DT18: 時間外 | DX18: =IF(Q16="作業者5",K19-K16,0)
CF19: 休日 | CJ19: =IF(Q16="作業者1",N19-N16,0) | CP19: 休日 | CT19: =IF(Q16="作業者2",N19-N16,0) | CZ19: 休日 | DD19: =IF(Q16="作業者3",N19-N16,0) | DJ19: 休日 | DN19: =IF(Q16="作業者4",N19-N16,0) | DT19: 休日 | DX19: =IF(Q16="作業者5",N19-N16,0)
CF20: 移動 | CJ20: =IF(Q20="作業者1",E23-E20,0) | CP20: 移動 | CT20: =IF(Q20="作業者2",E23-E20,0) | CZ20: 移動 | DD20: =IF(Q20="作業者3",E23-E20,0) | DJ20: 移動 | DN20: =IF(Q20="作業者4",E23-E20,0) | DT20: 移動 | DX20: =IF(Q20="作業者5",E23-E20,0)
F21: ～ | I21: ～ | L21: ～ | O21: ～ | CF21: 時間内 | CJ21: =IF(Q20="作業者1",H23-H20,0) | CP21: 時間内 | CT21: =IF(Q20="作業者2",H23-H20,0) | CZ21: 時間内 | DD21: =IF(Q20="作業者3",H23-H20,0) | DJ21: 時間内 | DN21: =IF(Q20="作業者4",H23-H20,0) | DT21: 時間内 | DX21: =IF(Q20="作業者5",H23-H20,0)
CF22: 時間外 | CJ22: =IF(Q20="作業者1",K23-K20,0) | CP22: 時間外 | CT22: =IF(Q20="作業者2",K23-K20,0) | CZ22: 時間外 | DD22: =IF(Q20="作業者3",K23-K20,0) | DJ22: 時間外 | DN22: =IF(Q20="作業者4",K23-K20,0) | DT22: 時間外 | DX22: =IF(Q20="作業者5",K23-K20,0)
CF23: 休日 | CJ23: =IF(Q20="作業者1",N23-N20,0) | CP23: 休日 | CT23: =IF(Q20="作業者2",N23-N20,0) | CZ23: 休日 | DD23: =IF(Q20="作業者3",N23-N20,0) | DJ23: 休日 | DN23: =IF(Q20="作業者4",N23-N20,0) | DT23: 休日 | DX23: =IF(Q20="作業者5",N23-N20,0)
CF24: 移動 | CJ24: =IF(Q24="作業者1",E27-E24,0) | CP24: 移動 | CT24: =IF(Q24="作業者2",E27-E24,0) | CZ24: 移動 | DD24: =IF(Q24="作業者3",E27-E24,0) | DJ24: 移動 | DN24: =IF(Q24="作業者4",E27-E24,0) | DT24: 移動 | DX24: =IF(Q24="作業者5",E27-E24,0)
F25: ～ | I25: ～ | L25: ～ | O25: ～ | CF25: 時間内 | CJ25: =IF(Q24="作業者1",H27-H24,0) | CP25: 時間内 | CT25: =IF(Q24="作業者2",H27-H24,0) | CZ25: 時間内 | DD25: =IF(Q24="作業者3",H27-H24,0) | DJ25: 時間内 | DN25: =IF(Q24="作業者4",H27-H24,0) | DT25: 時間内 | DX25: =IF(Q24="作業者5",H27-H24,0)
CF26: 時間外 | CJ26: =IF(Q24="作業者1",K27-K24,0) | CP26: 時間外 | CT26: =IF(Q24="作業者2",K27-K24,0) | CZ26: 時間外 | DD26: =IF(Q24="作業者3",K27-K24,0) | DJ26: 時間外 | DN26: =IF(Q24="作業者4",K27-K24,0) | DT26: 時間外 | DX26: =IF(Q24="作業者5",K27-K24,0)
CF27: 休日 | CJ27: =IF(Q24="作業者1",N27-N24,0) | CP27: 休日 | CT27: =IF(Q24="作業者2",N27-N24,0) | CZ27: 休日 | DD27: =IF(Q24="作業者3",N27-N24,0) | DJ27: 休日 | DN27: =IF(Q24="作業者4",N27-N24,0) | DT27: 休日 | DX27: =IF(Q24="作業者5",N27-N24,0)
CF28: 移動 | CJ28: =IF(Q28="作業者1",E31-E28,0) | CP28: 移動 | CT28: =IF(Q28="作業者2",E31-E28,0) | CZ28: 移動 | DD28: =IF(Q28="作業者3",E31-E28,0) | DJ28: 移動 | DN28: =IF(Q28="作業者4",E31-E28,0) | DT28: 移動 | DX28: =IF(Q28="作業者5",E31-E28,0)
F29: ～ | I29: ～ | L29: ～ | O29: ～ | CF29: 時間内 | CJ29: =IF(Q28="作業者1",H31-H28,0) | CP29: 時間内 | CT29: =IF(Q28="作業者2",H31-H28,0) | CZ29: 時間内 | DD29: =IF(Q28="作業者3",H31-H28,0) | DJ29: 時間内 | DN29: =IF(Q28="作業者4",H31-H28,0) | DT29: 時間内 | DX29: =IF(Q28="作業者5",H31-H28,0)
CF30: 時間外 | CJ30: =IF(Q28="作業者1",K31-K28,0) | CP30: 時間外 | CT30: =IF(Q28="作業者2",K31-K28,0) | CZ30: 時間外 | DD30: =IF(Q28="作業者3",K31-K28,0) | DJ30: 時間外 | DN30: =IF(Q28="作業者4",K31-K28,0) | DT30: 時間外 | DX30: =IF(Q28="作業者5",K31-K28,0)
CF31: 休日 | CJ31: =IF(Q28="作業者1",N31-N28,0) | CP31: 休日 | CT31: =IF(Q28="作業者2",N31-N28,0) | CZ31: 休日 | DD31: =IF(Q28="作業者3",N31-N28,0) | DJ31: 休日 | DN31: =IF(Q28="作業者4",N31-N28,0) | DT31: 休日 | DX31: =IF(Q28="作業者5",N31-N28,0)
CF32: 移動 | CJ32: =IF(Q32="作業者1",E35-E32,0) | CP32: 移動 | CT32: =IF(Q32="作業者2",E35-E32,0) | CZ32: 移動 | DD32: =IF(Q32="作業者3",E35-E32,0) | DJ32: 移動 | DN32: =IF(Q32="作業者4",E35-E32,0) | DT32: 移動 | DX32: =IF(Q32="作業者5",E35-E32,0)
F33: ～ | I33: ～ | L33: ～ | O33: ～ | CF33: 時間内 | CJ33: =IF(Q32="作業者1",H35-H32,0) | CP33: 時間内 | CT33: =IF(Q32="作業者2",H35-H32,0) | CZ33: 時間内 | DD33: =IF(Q32="作業者3",H35-H32,0) | DJ33: 時間内 | DN33: =IF(Q32="作業者4",H35-H32,0) | DT33: 時間内 | DX33: =IF(Q32="作業者5",H35-H32,0)
CF34: 時間外 | CJ34: =IF(Q32="作業者1",K35-K32,0) | CP34: 時間外 | CT34: =IF(Q32="作業者2",K35-K32,0) | CZ34: 時間外 | DD34: =IF(Q32="作業者3",K35-K32,0) | DJ34: 時間外 | DN34: =IF(Q32="作業者4",K35-K32,0) | DT34: 時間外 | DX34: =IF(Q32="作業者5",K35-K32,0)
CF35: 休日 | CJ35: =IF(Q32="作業者1",N35-N32,0) | CP35: 休日 | CT35: =IF(Q32="作業者2",N35-N32,0) | CZ35: 休日 | DD35: =IF(Q32="作業者3",N35-N32,0) | DJ35: 休日 | DN35: =IF(Q32="作業者4",N35-N32,0) | DT35: 休日 | DX35: =IF(Q32="作業者5",N35-N32,0)
CF36: 移動 | CJ36: =IF(Q36="作業者1",E39-E36,0) | CP36: 移動 | CT36: =IF(Q36="作業者2",E39-E36,0) | CZ36: 移動 | DD36: =IF(Q36="作業者3",E39-E36,0) | DJ36: 移動 | DN36: =IF(Q36="作業者4",E39-E36,0) | DT36: 移動 | DX36: =IF(Q36="作業者5",E39-E36,0)
F37: ～ | I37: ～ | L37: ～ | O37: ～ | CF37: 時間内 | CJ37: =IF(Q36="作業者1",H39-H36,0) | CP37: 時間内 | CT37: =IF(Q36="作業者2",H39-H36,0) | CZ37: 時間内 | DD37: =IF(Q36="作業者3",H39-H36,0) | DJ37: 時間内 | DN37: =IF(Q36="作業者4",H39-H36,0) | DT37: 時間内 | DX37: =IF(Q36="作業者5",H39-H36,0)
CF38: 時間外 | CJ38: =IF(Q36="作業者1",K39-K36,0) | CP38: 時間外 | CT38: =IF(Q36="作業者2",K39-K36,0) | CZ38: 時間外 | DD38: =IF(Q36="作業者3",K39-K36,0) | DJ38: 時間外 | DN38: =IF(Q36="作業者4",K39-K36,0) | DT38: 時間外 | DX38: =IF(Q36="作業者5",K39-K36,0)
CF39: 休日 | CJ39: =IF(Q36="作業者1",N39-N36,0) | CP39: 休日 | CT39: =IF(Q36="作業者2",N39-N36,0) | CZ39: 休日 | DD39: =IF(Q36="作業者3",N39-N36,0) | DJ39: 休日 | DN39: =IF(Q36="作業者4",N39-N36,0) | DT39: 休日 | DX39: =IF(Q36="作業者5",N39-N36,0)
CF40: 移動 | CJ40: =IF(Q40="作業者1",E43-E40,0) | CP40: 移動 | CT40: =IF(Q40="作業者2",E43-E40,0) | CZ40: 移動 | DD40: =IF(Q40="作業者3",E43-E40,0) | DJ40: 移動 | DN40: =IF(Q40="作業者4",E43-E40,0) | DT40: 移動 | DX40: =IF(Q40="作業者5",E43-E40,0)
F41: ～ | I41: ～ | L41: ～ | O41: ～ | CF41: 時間内 | CJ41: =IF(Q40="作業者1",H43-H40,0) | CP41: 時間内 | CT41: =IF(Q40="作業者2",H43-H40,0) | CZ41: 時間内 | DD41: =IF(Q40="作業者3",H43-H40,0) | DJ41: 時間内 | DN41: =IF(Q40="作業者4",H43-H40,0) | DT41: 時間内 | DX41: =IF(Q40="作業者5",H43-H40,0)
CF42: 時間外 | CJ42: =IF(Q40="作業者1",K43-K40,0) | CP42: 時間外 | CT42: =IF(Q40="作業者2",K43-K40,0) | CZ42: 時間外 | DD42: =IF(Q40="作業者3",K43-K40,0) | DJ42: 時間外 | DN42: =IF(Q40="作業者4",K43-K40,0) | DT42: 時間外 | DX42: =IF(Q40="作業者5",K43-K40,0)
CF43: 休日 | CJ43: =IF(Q40="作業者1",N43-N40,0) | CP43: 休日 | CT43: =IF(Q40="作業者2",N43-N40,0) | CZ43: 休日 | DD43: =IF(Q40="作業者3",N43-N40,0) | DJ43: 休日 | DN43: =IF(Q40="作業者4",N43-N40,0) | DT43: 休日 | DX43: =IF(Q40="作業者5",N43-N40,0)
CF44: 移動 | CJ44: =IF(Q44="作業者1",E47-E44,0) | CP44: 移動 | CT44: =IF(Q44="作業者2",E47-E44,0) | CZ44: 移動 | DD44: =IF(Q44="作業者3",E47-E44,0) | DJ44: 移動 | DN44: =IF(Q44="作業者4",E47-E44,0) | DT44: 移動 | DX44: =IF(Q44="作業者5",E47-E44,0)
F45: ～ | I45: ～ | L45: ～ | O45: ～ | CF45: 時間内 | CJ45: =IF(Q44="作業者1",H47-H44,0) | CP45: 時間内 | CT45: =IF(Q44="作業者2",H47-H44,0) | CZ45: 時間内 | DD45: =IF(Q44="作業者3",H47-H44,0) | DJ45: 時間内 | DN45: =IF(Q44="作業者4",H47-H44,0) | DT45: 時間内 | DX45: =IF(Q44="作業者5",H47-H44,0)
CF46: 時間外 | CJ46: =IF(Q44="作業者1",K47-K44,0) | CP46: 時間外 | CT46: =IF(Q44="作業者2",K47-K44,0) | CZ46: 時間外 | DD46: =IF(Q44="作業者3",K47-K44,0) | DJ46: 時間外 | DN46: =IF(Q44="作業者4",K47-K44,0) | DT46: 時間外 | DX46: =IF(Q44="作業者5",K47-K44,0)
CF47: 休日 | CJ47: =IF(Q44="作業者1",N47-N44,0) | CP47: 休日 | CT47: =IF(Q44="作業者2",N47-N44,0) | CZ47: 休日 | DD47: =IF(Q44="作業者3",N47-N44,0) | DJ47: 休日 | DN47: =IF(Q44="作業者4",N47-N44,0) | DT47: 休日 | DX47: =IF(Q44="作業者5",N47-N44,0)
CF48: 移動 | CJ48: =IF(Q48="作業者1",E51-E48,0) | CP48: 移動 | CT48: =IF(Q48="作業者2",E51-E48,0) | CZ48: 移動 | DD48: =IF(Q48="作業者3",E51-E48,0) | DJ48: 移動 | DN48: =IF(Q48="作業者4",E51-E48,0) | DT48: 移動 | DX48: =IF(Q48="作業者5",E51-E48,0)
F49: ～ | I49: ～ | L49: ～ | O49: ～ | CF49: 時間内 | CJ49: =IF(Q48="作業者1",H51-H48,0) | CP49: 時間内 | CT49: =IF(Q48="作業者2",H51-H48,0) | CZ49: 時間内 | DD49: =IF(Q48="作業者3",H51-H48,0) | DJ49: 時間内 | DN49: =IF(Q48="作業者4",H51-H48,0) | DT49: 時間内 | DX49: =IF(Q48="作業者5",H51-H48,0)
CF50: 時間外 | CJ50: =IF(Q48="作業者1",K51-K48,0) | CP50: 時間外 | CT50: =IF(Q48="作業者2",K51-K48,0) | CZ50: 時間外 | DD50: =IF(Q48="作業者3",K51-K48,0) | DJ50: 時間外 | DN50: =IF(Q48="作業者4",K51-K48,0) | DT50: 時間外 | DX50: =IF(Q48="作業者5",K51-K48,0)
CF51: 休日 | CJ51: =IF(Q48="作業者1",N51-N48,0) | CP51: 休日 | CT51: =IF(Q48="作業者2",N51-N48,0) | CZ51: 休日 | DD51: =IF(Q48="作業者3",N51-N48,0) | DJ51: 休日 | DN51: =IF(Q48="作業者4",N51-N48,0) | DT51: 休日 | DX51: =IF(Q48="作業者5",N51-N48,0)
CF52: 移動 | CJ52: =IF(Q52="作業者1",E55-E52,0) | CP52: 移動 | CT52: =IF(Q52="作業者2",E55-E52,0) | CZ52: 移動 | DD52: =IF(Q52="作業者3",E55-E52,0) | DJ52: 移動 | DN52: =IF(Q52="作業者4",E55-E52,0) | DT52: 移動 | DX52: =IF(Q52="作業者5",E55-E52,0)
F53: ～ | I53: ～ | L53: ～ | O53: ～ | CF53: 時間内 | CJ53: =IF(Q52="作業者1",H55-H52,0) | CP53: 時間内 | CT53: =IF(Q52="作業者2",H55-H52,0) | CZ53: 時間内 | DD53: =IF(Q52="作業者3",H55-H52,0) | DJ53: 時間内 | DN53: =IF(Q52="作業者4",H55-H52,0) | DT53: 時間内 | DX53: =IF(Q52="作業者5",H55-H52,0)
CF54: 時間外 | CJ54: =IF(Q52="作業者1",K55-K52,0) | CP54: 時間外 | CT54: =IF(Q52="作業者2",K55-K52,0) | CZ54: 時間外 | DD54: =IF(Q52="作業者3",K55-K52,0) | DJ54: 時間外 | DN54: =IF(Q52="作業者4",K55-K52,0) | DT54: 時間外 | DX54: =IF(Q52="作業者5",K55-K52,0)
CF55: 休日 | CJ55: =IF(Q52="作業者1",N55-N52,0) | CP55: 休日 | CT55: =IF(Q52="作業者2",N55-N52,0) | CZ55: 休日 | DD55: =IF(Q52="作業者3",N55-N52,0) | DJ55: 休日 | DN55: =IF(Q52="作業者4",N55-N52,0) | DT55: 休日 | DX55: =IF(Q52="作業者5",N55-N52,0)
CF56: 移動 | CJ56: =IF(Q56="作業者1",E59-E56,0) | CP56: 移動 | CT56: =IF(Q56="作業者2",E59-E56,0) | CZ56: 移動 | DD56: =IF(Q56="作業者3",E59-E56,0) | DJ56: 移動 | DN56: =IF(Q56="作業者4",E59-E56,0) | DT56: 移動 | DX56: =IF(Q56="作業者5",E59-E56,0)
F57: ～ | I57: ～ | L57: ～ | O57: ～ | CF57: 時間内 | CJ57: =IF(Q56="作業者1",H59-H56,0) | CP57: 時間内 | CT57: =IF(Q56="作業者2",H59-H56,0) | CZ57: 時間内 | DD57: =IF(Q56="作業者3",H59-H56,0) | DJ57: 時間内 | DN57: =IF(Q56="作業者4",H59-H56,0) | DT57: 時間内 | DX57: =IF(Q56="作業者5",H59-H56,0)
CF58: 時間外 | CJ58: =IF(Q56="作業者1",K59-K56,0) | CP58: 時間外 | CT58: =IF(Q56="作業者2",K59-K56,0) | CZ58: 時間外 | DD58: =IF(Q56="作業者3",K59-K56,0) | DJ58: 時間外 | DN58: =IF(Q56="作業者4",K59-K56,0) | DT58: 時間外 | DX58: =IF(Q56="作業者5",K59-K56,0)
CF59: 休日 | CJ59: =IF(Q56="作業者1",N59-N56,0) | CP59: 休日 | CT59: =IF(Q56="作業者2",N59-N56,0) | CZ59: 休日 | DD59: =IF(Q56="作業者3",N59-N56,0) | DJ59: 休日 | DN59: =IF(Q56="作業者4",N59-N56,0) | DT59: 休日 | DX59: =IF(Q56="作業者5",N59-N56,0)
CF60: 移動 | CJ60: =IF(Q60="作業者1",E63-E60,0) | CP60: 移動 | CT60: =IF(Q60="作業者2",E63-E60,0) | CZ60: 移動 | DD60: =IF(Q60="作業者3",E63-E60,0) | DJ60: 移動 | DN60: =IF(Q60="作業者4",E63-E60,0) | DT60: 移動 | DX60: =IF(Q60="作業者5",E63-E60,0)
F61: ～ | I61: ～ | L61: ～ | O61: ～ | CF61: 時間内 | CJ61: =IF(Q60="作業者1",H63-H60,0) | CP61: 時間内 | CT61: =IF(Q60="作業者2",H63-H60,0) | CZ61: 時間内 | DD61: =IF(Q60="作業者3",H63-H60,0) | DJ61: 時間内 | DN61: =IF(Q60="作業者4",H63-H60,0) | DT61: 時間内 | DX61: =IF(Q60="作業者5",H63-H60,0)
CF62: 時間外 | CJ62: =IF(Q60="作業者1",K63-K60,0) | CP62: 時間外 | CT62: =IF(Q60="作業者2",K63-K60,0) | CZ62: 時間外 | DD62: =IF(Q60="作業者3",K63-K60,0) | DJ62: 時間外 | DN62: =IF(Q60="作業者4",K63-K60,0) | DT62: 時間外 | DX62: =IF(Q60="作業者5",K63-K60,0)
CF63: 休日 | CJ63: =IF(Q60="作業者1",N63-N60,0) | CP63: 休日 | CT63: =IF(Q60="作業者2",N63-N60,0) | CZ63: 休日 | DD63: =IF(Q60="作業者3",N63-N60,0) | DJ63: 休日 | DN63: =IF(Q60="作業者4",N63-N60,0) | DT63: 休日 | DX63: =IF(Q60="作業者5",N63-N60,0)
CF64: 移動 | CJ64: =IF(Q64="作業者1",E67-E64,0) | CP64: 移動 | CT64: =IF(Q64="作業者2",E67-E64,0) | CZ64: 移動 | DD64: =IF(Q64="作業者3",E67-E64,0) | DJ64: 移動 | DN64: =IF(Q64="作業者4",E67-E64,0) | DT64: 移動 | DX64: =IF(Q64="作業者5",E67-E64,0)
F65: ～ | I65: ～ | L65: ～ | O65: ～ | CF65: 時間内 | CJ65: =IF(Q64="作業者1",H67-H64,0) | CP65: 時間内 | CT65: =IF(Q64="作業者2",H67-H64,0) | CZ65: 時間内 | DD65: =IF(Q64="作業者3",H67-H64,0) | DJ65: 時間内 | DN65: =IF(Q64="作業者4",H67-H64,0) | DT65: 時間内 | DX65: =IF(Q64="作業者5",H67-H64,0)
CF66: 時間外 | CJ66: =IF(Q64="作業者1",K67-K64,0) | CP66: 時間外 | CT66: =IF(Q64="作業者2",K67-K64,0) | CZ66: 時間外 | DD66: =IF(Q64="作業者3",K67-K64,0) | DJ66: 時間外 | DN66: =IF(Q64="作業者4",K67-K64,0) | DT66: 時間外 | DX66: =IF(Q64="作業者5",K67-K64,0)
CF67: 休日 | CJ67: =IF(Q64="作業者1",N67-N64,0) | CP67: 休日 | CT67: =IF(Q64="作業者2",N67-N64,0) | CZ67: 休日 | DD67: =IF(Q64="作業者3",N67-N64,0) | DJ67: 休日 | DN67: =IF(Q64="作業者4",N67-N64,0) | DT67: 休日 | DX67: =IF(Q64="作業者5",N67-N64,0)
B69: 月／日 | E69: 移 動 | H69: 作業内 (平日) | K69: 作業外 (平日) | N69: 休日 | Q69: 作業者 | T69: 場 所 | W69: 作 業 内 容 | CF69: 所要時間 作業者1 | CP69: 所要時間 作業者2 | CZ69: 所要時間 作業者3 | DJ69: 所要時間 作業者4 | DT69: 所要時間 作業者5
CF71: 移動 | CJ71: =IF(Q71="作業者1",E74-E71,0) | CP71: 移動 | CT71: =IF(Q71="作業者2",E74-E71,0) | CZ71: 移動 | DD71: =IF(Q71="作業者3",E74-E71,0) | DJ71: 移動 | DN71: =IF(Q71="作業者4",E74-E71,0) | DT71: 移動 | DX71: =IF(Q71="作業者5",E74-E71,0)
F72: ～ | I72: ～ | L72: ～ | O72: ～ | CF72: 時間内 | CJ72: =IF(Q71="作業者1",H74-H71,0) | CP72: 時間内 | CT72: =IF(Q71="作業者2",H74-H71,0) | CZ72: 時間内 | DD72: =IF(Q71="作業者3",H74-H71,0) | DJ72: 時間内 | DN72: =IF(Q71="作業者4",H74-H71,0) | DT72: 時間内 | DX72: =IF(Q71="作業者5",H74-H71,0)
CF73: 時間外 | CJ73: =IF(Q71="作業者1",K74-K71,0) | CP73: 時間外 | CT73: =IF(Q71="作業者2",K74-K71,0) | CZ73: 時間外 | DD73: =IF(Q71="作業者3",K74-K71,0) | DJ73: 時間外 | DN73: =IF(Q71="作業者4",K74-K71,0) | DT73: 時間外 | DX73: =IF(Q71="作業者5",K74-K71,0)
CF74: 休日 | CJ74: =IF(Q71="作業者1",N74-N71,0) | CP74: 休日 | CT74: =IF(Q71="作業者2",N74-N71,0) | CZ74: 休日 | DD74: =IF(Q71="作業者3",N74-N71,0) | DJ74: 休日 | DN74: =IF(Q71="作業者4",N74-N71,0) | DT74: 休日 | DX74: =IF(Q71="作業者5",N74-N71,0)
CF75: 移動 | CJ75: =IF(Q75="作業者1",E78-E75,0) | CP75: 移動 | CT75: =IF(Q75="作業者2",E78-E75,0) | CZ75: 移動 | DD75: =IF(Q75="作業者3",E78-E75,0) | DJ75: 移動 | DN75: =IF(Q75="作業者4",E78-E75,0) | DT75: 移動 | DX75: =IF(Q75="作業者5",E78-E75,0)
F76: ～ | I76: ～ | L76: ～ | O76: ～ | CF76: 時間内 | CJ76: =IF(Q75="作業者1",H78-H75,0) | CP76: 時間内 | CT76: =IF(Q75="作業者2",H78-H75,0) | CZ76: 時間内 | DD76: =IF(Q75="作業者3",H78-H75,0) | DJ76: 時間内 | DN76: =IF(Q75="作業者4",H78-H75,0) | DT76: 時間内 | DX76: =IF(Q75="作業者5",H78-H75,0)
CF77: 時間外 | CJ77: =IF(Q75="作業者1",K78-K75,0) | CP77: 時間外 | CT77: =IF(Q75="作業者2",K78-K75,0) | CZ77: 時間外 | DD77: =IF(Q75="作業者3",K78-K75,0) | DJ77: 時間外 | DN77: =IF(Q75="作業者4",K78-K75,0) | DT77: 時間外 | DX77: =IF(Q75="作業者5",K78-K75,0)
CF78: 休日 | CJ78: =IF(Q75="作業者1",N78-N75,0) | CP78: 休日 | CT78: =IF(Q75="作業者2",N78-N75,0) | CZ78: 休日 | DD78: =IF(Q75="作業者3",N78-N75,0) | DJ78: 休日 | DN78: =IF(Q75="作業者4",N78-N75,0) | DT78: 休日 | DX78: =IF(Q75="作業者5",N78-N75,0)
CF79: 移動 | CJ79: =IF(Q79="作業者1",E82-E79,0) | CP79: 移動 | CT79: =IF(Q79="作業者2",E82-E79,0) | CZ79: 移動 | DD79: =IF(Q79="作業者3",E82-E79,0) | DJ79: 移動 | DN79: =IF(Q79="作業者4",E82-E79,0) | DT79: 移動 | DX79: =IF(Q79="作業者5",E82-E79,0)
F80: ～ | I80: ～ | L80: ～ | O80: ～ | CF80: 時間内 | CJ80: =IF(Q79="作業者1",H82-H79,0) | CP80: 時間内 | CT80: =IF(Q79="作業者2",H82-H79,0) | CZ80: 時間内 | DD80: =IF(Q79="作業者3",H82-H79,0) | DJ80: 時間内 | DN80: =IF(Q79="作業者4",H82-H79,0) | DT80: 時間内 | DX80: =IF(Q79="作業者5",H82-H79,0)
CF81: 時間外 | CJ81: =IF(Q79="作業者1",K82-K79,0) | CP81: 時間外 | CT81: =IF(Q79="作業者2",K82-K79,0) | CZ81: 時間外 | DD81: =IF(Q79="作業者3",K82-K79,0) | DJ81: 時間外 | DN81: =IF(Q79="作業者4",K82-K79,0) | DT81: 時間外 | DX81: =IF(Q79="作業者5",K82-K79,0)
CF82: 休日 | CJ82: =IF(Q79="作業者1",N82-N79,0) | CP82: 休日 | CT82: =IF(Q79="作業者2",N82-N79,0) | CZ82: 休日 | DD82: =IF(Q79="作業者3",N82-N79,0) | DJ82: 休日 | DN82: =IF(Q79="作業者4",N82-N79,0) | DT82: 休日 | DX82: =IF(Q79="作業者5",N82-N79,0)
CF83: 移動 | CJ83: =IF(Q83="作業者1",E86-E83,0) | CP83: 移動 | CT83: =IF(Q83="作業者2",E86-E83,0) | CZ83: 移動 | DD83: =IF(Q83="作業者3",E86-E83,0) | DJ83: 移動 | DN83: =IF(Q83="作業者4",E86-E83,0) | DT83: 移動 | DX83: =IF(Q83="作業者5",E86-E83,0)
F84: ～ | I84: ～ | L84: ～ | O84: ～ | CF84: 時間内 | CJ84: =IF(Q83="作業者1",H86-H83,0) | CP84: 時間内 | CT84: =IF(Q83="作業者2",H86-H83,0) | CZ84: 時間内 | DD84: =IF(Q83="作業者3",H86-H83,0) | DJ84: 時間内 | DN84: =IF(Q83="作業者4",H86-H83,0) | DT84: 時間内 | DX84: =IF(Q83="作業者5",H86-H83,0)
CF85: 時間外 | CJ85: =IF(Q83="作業者1",K86-K83,0) | CP85: 時間外 | CT85: =IF(Q83="作業者2",K86-K83,0) | CZ85: 時間外 | DD85: =IF(Q83="作業者3",K86-K83,0) | DJ85: 時間外 | DN85: =IF(Q83="作業者4",K86-K83,0) | DT85: 時間外 | DX85: =IF(Q83="作業者5",K86-K83,0)
CF86: 休日 | CJ86: =IF(Q83="作業者1",N86-N83,0) | CP86: 休日 | CT86: =IF(Q83="作業者2",N86-N83,0) | CZ86: 休日 | DD86: =IF(Q83="作業者3",N86-N83,0) | DJ86: 休日 | DN86: =IF(Q83="作業者4",N86-N83,0) | DT86: 休日 | DX86: =IF(Q83="作業者5",N86-N83,0)
CF87: 移動 | CJ87: =IF(Q87="作業者1",E90-E87,0) | CP87: 移動 | CT87: =IF(Q87="作業者2",E90-E87,0) | CZ87: 移動 | DD87: =IF(Q87="作業者3",E90-E87,0) | DJ87: 移動 | DN87: =IF(Q87="作業者4",E90-E87,0) | DT87: 移動 | DX87: =IF(Q87="作業者5",E90-E87,0)
F88: ～ | I88: ～ | L88: ～ | O88: ～ | CF88: 時間内 | CJ88: =IF(Q87="作業者1",H90-H87,0) | CP88: 時間内 | CT88: =IF(Q87="作業者2",H90-H87,0) | CZ88: 時間内 | DD88: =IF(Q87="作業者3",H90-H87,0) | DJ88: 時間内 | DN88: =IF(Q87="作業者4",H90-H87,0) | DT88: 時間内 | DX88: =IF(Q87="作業者5",H90-H87,0)
CF89: 時間外 | CJ89: =IF(Q87="作業者1",K90-K87,0) | CP89: 時間外 | CT89: =IF(Q87="作業者2",K90-K87,0) | CZ89: 時間外 | DD89: =IF(Q87="作業者3",K90-K87,0) | DJ89: 時間外 | DN89: =IF(Q87="作業者4",K90-K87,0) | DT89: 時間外 | DX89: =IF(Q87="作業者5",K90-K87,0)
CF90: 休日 | CJ90: =IF(Q87="作業者1",N90-N87,0) | CP90: 休日 | CT90: =IF(Q87="作業者2",N90-N87,0) | CZ90: 休日 | DD90: =IF(Q87="作業者3",N90-N87,0) | DJ90: 休日 | DN90: =IF(Q87="作業者4",N90-N87,0) | DT90: 休日 | DX90: =IF(Q87="作業者5",N90-N87,0)
CF91: 移動 | CJ91: =IF(Q91="作業者1",E94-E91,0) | CP91: 移動 | CT91: =IF(Q91="作業者2",E94-E91,0) | CZ91: 移動 | DD91: =IF(Q91="作業者3",E94-E91,0) | DJ91: 移動 | DN91: =IF(Q91="作業者4",E94-E91,0) | DT91: 移動 | DX91: =IF(Q91="作業者5",E94-E91,0)
F92: ～ | I92: ～ | L92: ～ | O92: ～ | CF92: 時間内 | CJ92: =IF(Q91="作業者1",H94-H91,0) | CP92: 時間内 | CT92: =IF(Q91="作業者2",H94-H91,0) | CZ92: 時間内 | DD92: =IF(Q91="作業者3",H94-H91,0) | DJ92: 時間内 | DN92: =IF(Q91="作業者4",H94-H91,0) | DT92: 時間内 | DX92: =IF(Q91="作業者5",H94-H91,0)
CF93: 時間外 | CJ93: =IF(Q91="作業者1",K94-K91,0) | CP93: 時間外 | CT93: =IF(Q91="作業者2",K94-K91,0) | CZ93: 時間外 | DD93: =IF(Q91="作業者3",K94-K91,0) | DJ93: 時間外 | DN93: =IF(Q91="作業者4",K94-K91,0) | DT93: 時間外 | DX93: =IF(Q91="作業者5",K94-K91,0)
CF94: 休日 | CJ94: =IF(Q91="作業者1",N94-N91,0) | CP94: 休日 | CT94: =IF(Q91="作業者2",N94-N91,0) | CZ94: 休日 | DD94: =IF(Q91="作業者3",N94-N91,0) | DJ94: 休日 | DN94: =IF(Q91="作業者4",N94-N91,0) | DT94: 休日 | DX94: =IF(Q91="作業者5",N94-N91,0)
CF95: 移動 | CJ95: =IF(Q95="作業者1",E98-E95,0) | CP95: 移動 | CT95: =IF(Q95="作業者2",E98-E95,0) | CZ95: 移動 | DD95: =IF(Q95="作業者3",E98-E95,0) | DJ95: 移動 | DN95: =IF(Q95="作業者4",E98-E95,0) | DT95: 移動 | DX95: =IF(Q95="作業者5",E98-E95,0)
F96: ～ | I96: ～ | L96: ～ | O96: ～ | CF96: 時間内 | CJ96: =IF(Q95="作業者1",H98-H95,0) | CP96: 時間内 | CT96: =IF(Q95="作業者2",H98-H95,0) | CZ96: 時間内 | DD96: =IF(Q95="作業者3",H98-H95,0) | DJ96: 時間内 | DN96: =IF(Q95="作業者4",H98-H95,0) | DT96: 時間内 | DX96: =IF(Q95="作業者5",H98-H95,0)
CF97: 時間外 | CJ97: =IF(Q95="作業者1",K98-K95,0) | CP97: 時間外 | CT97: =IF(Q95="作業者2",K98-K95,0) | CZ97: 時間外 | DD97: =IF(Q95="作業者3",K98-K95,0) | DJ97: 時間外 | DN97: =IF(Q95="作業者4",K98-K95,0) | DT97: 時間外 | DX97: =IF(Q95="作業者5",K98-K95,0)
CF98: 休日 | CJ98: =IF(Q95="作業者1",N98-N95,0) | CP98: 休日 | CT98: =IF(Q95="作業者2",N98-N95,0) | CZ98: 休日 | DD98: =IF(Q95="作業者3",N98-N95,0) | DJ98: 休日 | DN98: =IF(Q95="作業者4",N98-N95,0) | DT98: 休日 | DX98: =IF(Q95="作業者5",N98-N95,0)
CF99: 移動 | CJ99: =IF(Q99="作業者1",E102-E99,0) | CP99: 移動 | CT99: =IF(Q99="作業者2",E102-E99,0) | CZ99: 移動 | DD99: =IF(Q99="作業者3",E102-E99,0) | DJ99: 移動 | DN99: =IF(Q99="作業者4",E102-E99,0) | DT99: 移動 | DX99: =IF(Q99="作業者5",E102-E99,0)
F100: ～ | I100: ～ | L100: ～ | O100: ～ | CF100: 時間内 | CJ100: =IF(Q99="作業者1",H102-H99,0) | CP100: 時間内 | CT100: =IF(Q99="作業者2",H102-H99,0) | CZ100: 時間内 | DD100: =IF(Q99="作業者3",H102-H99,0) | DJ100: 時間内 | DN100: =IF(Q99="作業者4",H102-H99,0) | DT100: 時間内 | DX100: =IF(Q99="作業者5",H102-H99,0)
CF101: 時間外 | CJ101: =IF(Q99="作業者1",K102-K99,0) | CP101: 時間外 | CT101: =IF(Q99="作業者2",K102-K99,0) | CZ101: 時間外 | DD101: =IF(Q99="作業者3",K102-K99,0) | DJ101: 時間外 | DN101: =IF(Q99="作業者4",K102-K99,0) | DT101: 時間外 | DX101: =IF(Q99="作業者5",K102-K99,0)
CF102: 休日 | CJ102: =IF(Q99="作業者1",N102-N99,0) | CP102: 休日 | CT102: =IF(Q99="作業者2",N102-N99,0) | CZ102: 休日 | DD102: =IF(Q99="作業者3",N102-N99,0) | DJ102: 休日 | DN102: =IF(Q99="作業者4",N102-N99,0) | DT102: 休日 | DX102: =IF(Q99="作業者5",N102-N99,0)
CF103: 移動 | CJ103: =IF(Q103="作業者1",E106-E103,0) | CP103: 移動 | CT103: =IF(Q103="作業者2",E106-E103,0) | CZ103: 移動 | DD103: =IF(Q103="作業者3",E106-E103,0) | DJ103: 移動 | DN103: =IF(Q103="作業者4",E106-E103,0) | DT103: 移動 | DX103: =IF(Q103="作業者5",E106-E103,0)
F104: ～ | I104: ～ | L104: ～ | O104: ～ | CF104: 時間内 | CJ104: =IF(Q103="作業者1",H106-H103,0) | CP104: 時間内 | CT104: =IF(Q103="作業者2",H106-H103,0) | CZ104: 時間内 | DD104: =IF(Q103="作業者3",H106-H103,0) | DJ104: 時間内 | DN104: =IF(Q103="作業者4",H106-H103,0) | DT104: 時間内 | DX104: =IF(Q103="作業者5",H106-H103,0)
...

Sheet 作業報告書 (END)
B2: 月／日 | E2: 移 動 | H2: 作業内 (平日) | K2: 作業外 (平日) | N2: 休日 | Q2: 作業者 | T2: 場 所 | W2: 作 業 内 容 | CF2: 所要時間 作業者1 | CP2: 所要時間 作業者2 | CZ2: 所要時間 作業者3 | DJ2: 所要時間 作業者4 | DT2: 所要時間 作業者5
CF4: 移動 | CJ4: =IF(Q4="作業者1",E7-E4,0) | CP4: 移動 | CT4: =IF(Q4="作業者2",E7-E4,0) | CZ4: 移動 | DD4: =IF(Q4="作業者3",E7-E4,0) | DJ4: 移動 | DN4: =IF(Q4="作業者4",E7-E4,0) | DT4: 移動 | DX4: =IF(Q4="作業者5",E7-E4,0)
F5: ～ | I5: ～ | L5: ～ | O5: ～ | CF5: 時間内 | CJ5: =IF(Q4="作業者1",H7-H4,0) | CP5: 時間内 | CT5: =IF(Q4="作業者2",H7-H4,0) | CZ5: 時間内 | DD5: =IF(Q4="作業者3",H7-H4,0) | DJ5: 時間内 | DN5: =IF(Q4="作業者4",H7-H4,0) | DT5: 時間内 | DX5: =IF(Q4="作業者5",H7-H4,0)
CF6: 時間外 | CJ6: =IF(Q4="作業者1",K7-K4,0) | CP6: 時間外 | CT6: =IF(Q4="作業者2",K7-K4,0) | CZ6: 時間外 | DD6: =IF(Q4="作業者3",K7-K4,0) | DJ6: 時間外 | DN6: =IF(Q4="作業者4",K7-K4,0) | DT6: 時間外 | DX6: =IF(Q4="作業者5",K7-K4,0)
CF7: 休日 | CJ7: =IF(Q4="作業者1",N7-N4,0) | CP7: 休日 | CT7: =IF(Q4="作業者2",N7-N4,0) | CZ7: 休日 | DD7: =IF(Q4="作業者3",N7-N4,0) | DJ7: 休日 | DN7: =IF(Q4="作業者4",N7-N4,0) | DT7: 休日 | DX7: =IF(Q4="作業者5",N7-N4,0)
CF8: 移動 | CJ8: =IF(Q8="作業者1",E11-E8,0) | CP8: 移動 | CT8: =IF(Q8="作業者2",E11-E8,0) | CZ8: 移動 | DD8: =IF(Q8="作業者3",E11-E8,0) | DJ8: 移動 | DN8: =IF(Q8="作業者4",E11-E8,0) | DT8: 移動 | DX8: =IF(Q8="作業者5",E11-E8,0)
F9: ～ | I9: ～ | L9: ～ | O9: ～ | CF9: 時間内 | CJ9: =IF(Q8="作業者1",H11-H8,0) | CP9: 時間内 | CT9: =IF(Q8="作業者2",H11-H8,0) | CZ9: 時間内 | DD9: =IF(Q8="作業者3",H11-H8,0) | DJ9: 時間内 | DN9: =IF(Q8="作業者4",H11-H8,0) | DT9: 時間内 | DX9: =IF(Q8="作業者5",H11-H8,0)
CF10: 時間外 | CJ10: =IF(Q8="作業者1",K11-K8,0) | CP10: 時間外 | CT10: =IF(Q8="作業者2",K11-K8,0) | CZ10: 時間外 | DD10: =IF(Q8="作業者3",K11-K8,0) | DJ10: 時間外 | DN10: =IF(Q8="作業者4",K11-K8,0) | DT10: 時間外 | DX10: =IF(Q8="作業者5",K11-K8,0)
CF11: 休日 | CJ11: =IF(Q8="作業者1",N11-N8,0) | CP11: 休日 | CT11: =IF(Q8="作業者2",N11-N8,0) | CZ11: 休日 | DD11: =IF(Q8="作業者3",N11-N8,0) | DJ11: 休日 | DN11: =IF(Q8="作業者4",N11-N8,0) | DT11: 休日 | DX11: =IF(Q8="作業者5",N11-N8,0)
CF12: 移動 | CJ12: =IF(Q12="作業者1",E15-E12,0) | CP12: 移動 | CT12: =IF(Q12="作業者2",E15-E12,0) | CZ12: 移動 | DD12: =IF(Q12="作業者3",E15-E12,0) | DJ12: 移動 | DN12: =IF(Q12="作業者4",E15-E12,0) | DT12: 移動 | DX12: =IF(Q12="作業者5",E15-E12,0)
F13: ～ | I13: ～ | L13: ～ | O13: ～ | CF13: 時間内 | CJ13: =IF(Q12="作業者1",H15-H12,0) | CP13: 時間内 | CT13: =IF(Q12="作業者2",H15-H12,0) | CZ13: 時間内 | DD13: =IF(Q12="作業者3",H15-H12,0) | DJ13: 時間内 | DN13: =IF(Q12="作業者4",H15-H12,0) | DT13: 時間内 | DX13: =IF(Q12="作業者5",H15-H12,0)
CF14: 時間外 | CJ14: =IF(Q12="作業者1",K15-K12,0) | CP14: 時間外 | CT14: =IF(Q12="作業者2",K15-K12,0) | CZ14: 時間外 | DD14: =IF(Q12="作業者3",K15-K12,0) | DJ14: 時間外 | DN14: =IF(Q12="作業者4",K15-K12,0) | DT14: 時間外 | DX14: =IF(Q12="作業者5",K15-K12,0)
CF15: 休日 | CJ15: =IF(Q12="作業者1",N15-N12,0) | CP15: 休日 | CT15: =IF(Q12="作業者2",N15-N12,0) | CZ15: 休日 | DD15: =IF(Q12="作業者3",N15-N12,0) | DJ15: 休日 | DN15: =IF(Q12="作業者4",N15-N12,0) | DT15: 休日 | DX15: =IF(Q12="作業者5",N15-N12,0)
CF16: 移動 | CJ16: =IF(Q16="作業者1",E19-E16,0) | CP16: 移動 | CT16: =IF(Q16="作業者2",E19-E16,0) | CZ16: 移動 | DD16: =IF(Q16="作業者3",E19-E16,0) | DJ16: 移動 | DN16: =IF(Q16="作業者4",E19-E16,0) | DT16: 移動 | DX16: =IF(Q16="作業者5",E19-E16,0)
F17: ～ | I17: ～ | L17: ～ | O17: ～ | CF17: 時間内 | CJ17: =IF(Q16="作業者1",H19-H16,0) | CP17: 時間内 | CT17: =IF(Q16="作業者2",H19-H16,0) | CZ17: 時間内 | DD17: =IF(Q16="作業者3",H19-H16,0) | DJ17: 時間内 | DN17: =IF(Q16="作業者4",H19-H16,0) | DT17: 時間内 | DX17: =IF(Q16="作業者5",H19-H16,0)
CF18: 時間外 | CJ18: =IF(Q16="作業者1",K19-K16,0) | CP18: 時間外 | CT18: =IF(Q16="作業者2",K19-K16,0) | CZ18: 時間外 | DD18: =IF(Q16="作業者3",K19-K16,0) | DJ18: 時間外 | DN18: =IF(Q16="作業者4",K19-K16,0) | DT18: 時間外 | DX18: =IF(Q16="作業者5",K19-K16,0)
CF19: 休日 | CJ19: =IF(Q16="作業者1",N19-N16,0) | CP19: 休日 | CT19: =IF(Q16="作業者2",N19-N16,0) | CZ19: 休日 | DD19: =IF(Q16="作業者3",N19-N16,0) | DJ19: 休日 | DN19: =IF(Q16="作業者4",N19-N16,0) | DT19: 休日 | DX19: =IF(Q16="作業者5",N19-N16,0)
CF20: 移動 | CJ20: =IF(Q20="作業者1",E23-E20,0) | CP20: 移動 | CT20: =IF(Q20="作業者2",E23-E20,0) | CZ20: 移動 | DD20: =IF(Q20="作業者3",E23-E20,0) | DJ20: 移動 | DN20: =IF(Q20="作業者4",E23-E20,0) | DT20: 移動 | DX20: =IF(Q20="作業者5",E23-E20,0)
F21: ～ | I21: ～ | L21: ～ | O21: ～ | CF21: 時間内 | CJ21: =IF(Q20="作業者1",H23-H20,0) | CP21: 時間内 | CT21: =IF(Q20="作業者2",H23-H20,0) | CZ21: 時間内 | DD21: =IF(Q20="作業者3",H23-H20,0) | DJ21: 時間内 | DN21: =IF(Q20="作業者4",H23-H20,0) | DT21: 時間内 | DX21: =IF(Q20="作業者5",H23-H20,0)
CF22: 時間外 | CJ22: =IF(Q20="作業者1",K23-K20,0) | CP22: 時間外 | CT22: =IF(Q20="作業者2",K23-K20,0) | CZ22: 時間外 | DD22: =IF(Q20="作業者3",K23-K20,0) | DJ22: 時間外 | DN22: =IF(Q20="作業者4",K23-K20,0) | DT22: 時間外 | DX22: =IF(Q20="作業者5",K23-K20,0)
CF23: 休日 | CJ23: =IF(Q20="作業者1",N23-N20,0) | CP23: 休日 | CT23: =IF(Q20="作業者2",N23-N20,0) | CZ23: 休日 | DD23: =IF(Q20="作業者3",N23-N20,0) | DJ23: 休日 | DN23: =IF(Q20="作業者4",N23-N20,0) | DT23: 休日 | DX23: =IF(Q20="作業者5",N23-N20,0)
CF24: 移動 | CJ24: =IF(Q24="作業者1",E27-E24,0) | CP24: 移動 | CT24: =IF(Q24="作業者2",E27-E24,0) | CZ24: 移動 | DD24: =IF(Q24="作業者3",E27-E24,0) | DJ24: 移動 | DN24: =IF(Q24="作業者4",E27-E24,0) | DT24: 移動 | DX24: =IF(Q24="作業者5",E27-E24,0)
F25: ～ | I25: ～ | L25: ～ | O25: ～ | CF25: 時間内 | CJ25: =IF(Q24="作業者1",H27-H24,0) | CP25: 時間内 | CT25: =IF(Q24="作業者2",H27-H24,0) | CZ25: 時間内 | DD25: =IF(Q24="作業者3",H27-H24,0) | DJ25: 時間内 | DN25: =IF(Q24="作業者4",H27-H24,0) | DT25: 時間内 | DX25: =IF(Q24="作業者5",H27-H24,0)
CF26: 時間外 | CJ26: =IF(Q24="作業者1",K27-K24,0) | CP26: 時間外 | CT26: =IF(Q24="作業者2",K27-K24,0) | CZ26: 時間外 | DD26: =IF(Q24="作業者3",K27-K24,0) | DJ26: 時間外 | DN26: =IF(Q24="作業者4",K27-K24,0) | DT26: 時間外 | DX26: =IF(Q24="作業者5",K27-K24,0)
CF27: 休日 | CJ27: =IF(Q24="作業者1",N27-N24,0) | CP27: 休日 | CT27: =IF(Q24="作業者2",N27-N24,0) | CZ27: 休日 | DD27: =IF(Q24="作業者3",N27-N24,0) | DJ27: 休日 | DN27: =IF(Q24="作業者4",N27-N24,0) | DT27: 休日 | DX27: =IF(Q24="作業者5",N27-N24,0)
CF28: 移動 | CJ28: =IF(Q28="作業者1",E31-E28,0) | CP28: 移動 | CT28: =IF(Q28="作業者2",E31-E28,0) | CZ28: 移動 | DD28: =IF(Q28="作業者3",E31-E28,0) | DJ28: 移動 | DN28: =IF(Q28="作業者4",E31-E28,0) | DT28: 移動 | DX28: =IF(Q28="作業者5",E31-E28,0)
F29: ～ | I29: ～ | L29: ～ | O29: ～ | CF29: 時間内 | CJ29: =IF(Q28="作業者1",H31-H28,0) | CP29: 時間内 | CT29: =IF(Q28="作業者2",H31-H28,0) | CZ29: 時間内 | DD29: =IF(Q28="作業者3",H31-H28,0) | DJ29: 時間内 | DN29: =IF(Q28="作業者4",H31-H28,0) | DT29: 時間内 | DX29: =IF(Q28="作業者5",H31-H28,0)
CF30: 時間外 | CJ30: =IF(Q28="作業者1",K31-K28,0) | CP30: 時間外 | CT30: =IF(Q28="作業者2",K31-K28,0) | CZ30: 時間外 | DD30: =IF(Q28="作業者3",K31-K28,0) | DJ30: 時間外 | DN30: =IF(Q28="作業者4",K31-K28,0) | DT30: 時間外 | DX30: =IF(Q28="作業者5",K31-K28,0)
CF31: 休日 | CJ31: =IF(Q28="作業者1",N31-N28,0) | CP31: 休日 | CT31: =IF(Q28="作業者2",N31-N28,0) | CZ31: 休日 | DD31: =IF(Q28="作業者3",N31-N28,0) | DJ31: 休日 | DN31: =IF(Q28="作業者4",N31-N28,0) | DT31: 休日 | DX31: =IF(Q28="作業者5",N31-N28,0)
CF32: 移動 | CJ32: =IF(Q32="作業者1",E35-E32,0) | CP32: 移動 | CT32: =IF(Q32="作業者2",E35-E32,0) | CZ32: 移動 | DD32: =IF(Q32="作業者3",E35-E32,0) | DJ32: 移動 | DN32: =IF(Q32="作業者4",E35-E32,0) | DT32: 移動 | DX32: =IF(Q32="作業者5",E35-E32,0)
F33: ～ | I33: ～ | L33: ～ | O33: ～ | CF33: 時間内 | CJ33: =IF(Q32="作業者1",H35-H32,0) | CP33: 時間内 | CT33: =IF(Q32="作業者2",H35-H32,0) | CZ33: 時間内 | DD33: =IF(Q32="作業者3",H35-H32,0) | DJ33: 時間内 | DN33: =IF(Q32="作業者4",H35-H32,0) | DT33: 時間内 | DX33: =IF(Q32="作業者5",H35-H32,0)
CF34: 時間外 | CJ34: =IF(Q32="作業者1",K35-K32,0) | CP34: 時間外 | CT34: =IF(Q32="作業者2",K35-K32,0) | CZ34: 時間外 | DD34: =IF(Q32="作業者3",K35-K32,0) | DJ34: 時間外 | DN34: =IF(Q32="作業者4",K35-K32,0) | DT34: 時間外 | DX34: =IF(Q32="作業者5",K35-K32,0)
CF35: 休日 | CJ35: =IF(Q32="作業者1",N35-N32,0) | CP35: 休日 | CT35: =IF(Q32="作業者2",N35-N32,0) | CZ35: 休日 | DD35: =IF(Q32="作業者3",N35-N32,0) | DJ35: 休日 | DN35: =IF(Q32="作業者4",N35-N32,0) | DT35: 休日 | DX35: =IF(Q32="作業者5",N35-N32,0)
CF36: 移動 | CJ36: =IF(Q36="作業者1",E39-E36,0) | CP36: 移動 | CT36: =IF(Q36="作業者2",E39-E36,0) | CZ36: 移動 | DD36: =IF(Q36="作業者3",E39-E36,0) | DJ36: 移動 | DN36: =IF(Q36="作業者4",E39-E36,0) | DT36: 移動 | DX36: =IF(Q36="作業者5",E39-E36,0)
F37: ～ | I37: ～ | L37: ～ | O37: ～ | CF37: 時間内 | CJ37: =IF(Q36="作業者1",H39-H36,0) | CP37: 時間内 | CT37: =IF(Q36="作業者2",H39-H36,0) | CZ37: 時間内 | DD37: =IF(Q36="作業者3",H39-H36,0) | DJ37: 時間内 | DN37: =IF(Q36="作業者4",H39-H36,0) | DT37: 時間内 | DX37: =IF(Q36="作業者5",H39-H36,0)
CF38: 時間外 | CJ38: =IF(Q36="作業者1",K39-K36,0) | CP38: 時間外 | CT38: =IF(Q36="作業者2",K39-K36,0) | CZ38: 時間外 | DD38: =IF(Q36="作業者3",K39-K36,0) | DJ38: 時間外 | DN38: =IF(Q36="作業者4",K39-K36,0) | DT38: 時間外 | DX38: =IF(Q36="作業者5",K39-K36,0)
CF39: 休日 | CJ39: =IF(Q36="作業者1",N39-N36,0) | CP39: 休日 | CT39: =IF(Q36="作業者2",N39-N36,0) | CZ39: 休日 | DD39: =IF(Q36="作業者3",N39-N36,0) | DJ39: 休日 | DN39: =IF(Q36="作業者4",N39-N36,0) | DT39: 休日 | DX39: =IF(Q36="作業者5",N39-N36,0)
CF40: 移動 | CJ40: =IF(Q40="作業者1",E43-E40,0) | CP40: 移動 | CT40: =IF(Q40="作業者2",E43-E40,0) | CZ40: 移動 | DD40: =IF(Q40="作業者3",E43-E40,0) | DJ40: 移動 | DN40: =IF(Q40="作業者4",E43-E40,0) | DT40: 移動 | DX40: =IF(Q40="作業者5",E43-E40,0)
F41: ～ | I41: ～ | L41: ～ | O41: ～ | CF41: 時間内 | CJ41: =IF(Q40="作業者1",H43-H40,0) | CP41: 時間内 | CT41: =IF(Q40="作業者2",H43-H40,0) | CZ41: 時間内 | DD41: =IF(Q40="作業者3",H43-H40,0) | DJ41: 時間内 | DN41: =IF(Q40="作業者4",H43-H40,0) | DT41: 時間内 | DX41: =IF(Q40="作業者5",H43-H40,0)
CF42: 時間外 | CJ42: =IF(Q40="作業者1",K43-K40,0) | CP42: 時間外 | CT42: =IF(Q40="作業者2",K43-K40,0) | CZ42: 時間外 | DD42: =IF(Q40="作業者3",K43-K40,0) | DJ42: 時間外 | DN42: =IF(Q40="作業者4",K43-K40,0) | DT42: 時間外 | DX42: =IF(Q40="作業者5",K43-K40,0)
CF43: 休日 | CJ43: =IF(Q40="作業者1",N43-N40,0) | CP43: 休日 | CT43: =IF(Q40="作業者2",N43-N40,0) | CZ43: 休日 | DD43: =IF(Q40="作業者3",N43-N40,0) | DJ43: 休日 | DN43: =IF(Q40="作業者4",N43-N40,0) | DT43: 休日 | DX43: =IF(Q40="作業者5",N43-N40,0)
CF44: 移動 | CJ44: =IF(Q44="作業者1",E47-E44,0) | CP44: 移動 | CT44: =IF(Q44="作業者2",E47-E44,0) | CZ44: 移動 | DD44: =IF(Q44="作業者3",E47-E44,0) | DJ44: 移動 | DN44: =IF(Q44="作業者4",E47-E44,0) | DT44: 移動 | DX44: =IF(Q44="作業者5",E47-E44,0)
F45: ～ | I45: ～ | L45: ～ | O45: ～ | CF45: 時間内 | CJ45: =IF(Q44="作業者1",H47-H44,0) | CP45: 時間内 | CT45: =IF(Q44="作業者2",H47-H44,0) | CZ45: 時間内 | DD45: =IF(Q44="作業者3",H47-H44,0) | DJ45: 時間内 | DN45: =IF(Q44="作業者4",H47-H44,0) | DT45: 時間内 | DX45: =IF(Q44="作業者5",H47-H44,0)
CF46: 時間外 | CJ46: =IF(Q44="作業者1",K47-K44,0) | CP46: 時間外 | CT46: =IF(Q44="作業者2",K47-K44,0) | CZ46: 時間外 | DD46: =IF(Q44="作業者3",K47-K44,0) | DJ46: 時間外 | DN46: =IF(Q44="作業者4",K47-K44,0) | DT46: 時間外 | DX46: =IF(Q44="作業者5",K47-K44,0)
CF47: 休日 | CJ47: =IF(Q44="作業者1",N47-N44,0) | CP47: 休日 | CT47: =IF(Q44="作業者2",N47-N44,0) | CZ47: 休日 | DD47: =IF(Q44="作業者3",N47-N44,0) | DJ47: 休日 | DN47: =IF(Q44="作業者4",N47-N44,0) | DT47: 休日 | DX47: =IF(Q44="作業者5",N47-N44,0)
CF48: 移動 | CJ48: =IF(Q48="作業者1",E51-E48,0) | CP48: 移動 | CT48: =IF(Q48="作業者2",E51-E48,0) | CZ48: 移動 | DD48: =IF(Q48="作業者3",E51-E48,0) | DJ48: 移動 | DN48: =IF(Q48="作業者4",E51-E48,0) | DT48: 移動 | DX48: =IF(Q48="作業者5",E51-E48,0)
F49: ～ | I49: ～ | L49: ～ | O49: ～ | CF49: 時間内 | CJ49: =IF(Q48="作業者1",H51-H48,0) | CP49: 時間内 | CT49: =IF(Q48="作業者2",H51-H48,0) | CZ49: 時間内 | DD49: =IF(Q48="作業者3",H51-H48,0) | DJ49: 時間内 | DN49: =IF(Q48="作業者4",H51-H48,0) | DT49: 時間内 | DX49: =IF(Q48="作業者5",H51-H48,0)
CF50: 時間外 | CJ50: =IF(Q48="作業者1",K51-K48,0) | CP50: 時間外 | CT50: =IF(Q48="作業者2",K51-K48,0) | CZ50: 時間外 | DD50: =IF(Q48="作業者3",K51-K48,0) | DJ50: 時間外 | DN50: =IF(Q48="作業者4",K51-K48,0) | DT50: 時間外 | DX50: =IF(Q48="作業者5",K51-K48,0)
CF51: 休日 | CJ51: =IF(Q48="作業者1",N51-N48,0) | CP51: 休日 | CT51: =IF(Q48="作業者2",N51-N48,0) | CZ51: 休日 | DD51: =IF(Q48="作業者3",N51-N48,0) | DJ51: 休日 | DN51: =IF(Q48="作業者4",N51-N48,0) | DT51: 休日 | DX51: =IF(Q48="作業者5",N51-N48,0)
CF52: 移動 | CJ52: =IF(Q52="作業者1",E55-E52,0) | CP52: 移動 | CT52: =IF(Q52="作業者2",E55-E52,0) | CZ52: 移動 | DD52: =IF(Q52="作業者3",E55-E52,0) | DJ52: 移動 | DN52: =IF(Q52="作業者4",E55-E52,0) | DT52: 移動 | DX52: =IF(Q52="作業者5",E55-E52,0)
F53: ～ | I53: ～ | L53: ～ | O53: ～ | CF53: 時間内 | CJ53: =IF(Q52="作業者1",H55-H52,0) | CP53: 時間内 | CT53: =IF(Q52="作業者2",H55-H52,0) | CZ53: 時間内 | DD53: =IF(Q52="作業者3",H55-H52,0) | DJ53: 時間内 | DN53: =IF(Q52="作業者4",H55-H52,0) | DT53: 時間内 | DX53: =IF(Q52="作業者5",H55-H52,0)
CF54: 時間外 | CJ54: =IF(Q52="作業者1",K55-K52,0) | CP54: 時間外 | CT54: =IF(Q52="作業者2",K55-K52,0) | CZ54: 時間外 | DD54: =IF(Q52="作業者3",K55-K52,0) | DJ54: 時間外 | DN54: =IF(Q52="作業者4",K55-K52,0) | DT54: 時間外 | DX54: =IF(Q52="作業者5",K55-K52,0)
CF55: 休日 | CJ55: =IF(Q52="作業者1",N55-N52,0) | CP55: 休日 | CT55: =IF(Q52="作業者2",N55-N52,0) | CZ55: 休日 | DD55: =IF(Q52="作業者3",N55-N52,0) | DJ55: 休日 | DN55: =IF(Q52="作業者4",N55-N52,0) | DT55: 休日 | DX55: =IF(Q52="作業者5",N55-N52,0)
CF56: 移動 | CJ56: =IF(Q56="作業者1",E59-E56,0) | CP56: 移動 | CT56: =IF(Q56="作業者2",E59-E56,0) | CZ56: 移動 | DD56: =IF(Q56="作業者3",E59-E56,0) | DJ56: 移動 | DN56: =IF(Q56="作業者4",E59-E56,0) | DT56: 移動 | DX56: =IF(Q56="作業者5",E59-E56,0)
F57: ～ | I57: ～ | L57: ～ | O57: ～ | CF57: 時間内 | CJ57: =IF(Q56="作業者1",H59-H56,0) | CP57: 時間内 | CT57: =IF(Q56="作業者2",H59-H56,0) | CZ57: 時間内 | DD57: =IF(Q56="作業者3",H59-H56,0) | DJ57: 時間内 | DN57: =IF(Q56="作業者4",H59-H56,0) | DT57: 時間内 | DX57: =IF(Q56="作業者5",H59-H56,0)
CF58: 時間外 | CJ58: =IF(Q56="作業者1",K59-K56,0) | CP58: 時間外 | CT58: =IF(Q56="作業者2",K59-K56,0) | CZ58: 時間外 | DD58: =IF(Q56="作業者3",K59-K56,0) | DJ58: 時間外 | DN58: =IF(Q56="作業者4",K59-K56,0) | DT58: 時間外 | DX58: =IF(Q56="作業者5",K59-K56,0)
CF59: 休日 | CJ59: =IF(Q56="作業者1",N59-N56,0) | CP59: 休日 | CT59: =IF(Q56="作業者2",N59-N56,0) | CZ59: 休日 | DD59: =IF(Q56="作業者3",N59-N56,0) | DJ59: 休日 | DN59: =IF(Q56="作業者4",N59-N56,0) | DT59: 休日 | DX59: =IF(Q56="作業者5",N59-N56,0)
CF60: 移動 | CJ60: =IF(Q60="作業者1",E63-E60,0) | CP60: 移動 | CT60: =IF(Q60="作業者2",E63-E60,0) | CZ60: 移動 | DD60: =IF(Q60="作業者3",E63-E60,0) | DJ60: 移動 | DN60: =IF(Q60="作業者4",E63-E60,0) | DT60: 移動 | DX60: =IF(Q60="作業者5",E63-E60,0)
F61: ～ | I61: ～ | L61: ～ | O61: ～ | CF61: 時間内 | CJ61: =IF(Q60="作業者1",H63-H60,0) | CP61: 時間内 | CT61: =IF(Q60="作業者2",H63-H60,0) | CZ61: 時間内 | DD61: =IF(Q60="作業者3",H63-H60,0) | DJ61: 時間内 | DN61: =IF(Q60="作業者4",H63-H60,0) | DT61: 時間内 | DX61: =IF(Q60="作業者5",H63-H60,0)
CF62: 時間外 | CJ62: =IF(Q60="作業者1",K63-K60,0) | CP62: 時間外 | CT62: =IF(Q60="作業者2",K63-K60,0) | CZ62: 時間外 | DD62: =IF(Q60="作業者3",K63-K60,0) | DJ62: 時間外 | DN62: =IF(Q60="作業者4",K63-K60,0) | DT62: 時間外 | DX62: =IF(Q60="作業者5",K63-K60,0)
CF63: 休日 | CJ63: =IF(Q60="作業者1",N63-N60,0) | CP63: 休日 | CT63: =IF(Q60="作業者2",N63-N60,0) | CZ63: 休日 | DD63: =IF(Q60="作業者3",N63-N60,0) | DJ63: 休日 | DN63: =IF(Q60="作業者4",N63-N60,0) | DT63: 休日 | DX63: =IF(Q60="作業者5",N63-N60,0)
CF64: 移動 | CJ64: =IF(Q64="作業者1",E67-E64,0) | CP64: 移動 | CT64: =IF(Q64="作業者2",E67-E64,0) | CZ64: 移動 | DD64: =IF(Q64="作業者3",E67-E64,0) | DJ64: 移動 | DN64: =IF(Q64="作業者4",E67-E64,0) | DT64: 移動 | DX64: =IF(Q64="作業者5",E67-E64,0)
F65: ～ | I65: ～ | L65: ～ | O65: ～ | CF65: 時間内 | CJ65: =IF(Q64="作業者1",H67-H64,0) | CP65: 時間内 | CT65: =IF(Q64="作業者2",H67-H64,0) | CZ65: 時間内 | DD65: =IF(Q64="作業者3",H67-H64,0) | DJ65: 時間内 | DN65: =IF(Q64="作業者4",H67-H64,0) | DT65: 時間内 | DX65: =IF(Q64="作業者5",H67-H64,0)
CF66: 時間外 | CJ66: =IF(Q64="作業者1",K67-K64,0) | CP66: 時間外 | CT66: =IF(Q64="作業者2",K67-K64,0) | CZ66: 時間外 | DD66: =IF(Q64="作業者3",K67-K64,0) | DJ66: 時間外 | DN66: =IF(Q64="作業者4",K67-K64,0) | DT66: 時間外 | DX66: =IF(Q64="作業者5",K67-K64,0)
CF67: 休日 | CJ67: =IF(Q64="作業者1",N67-N64,0) | CP67: 休日 | CT67: =IF(Q64="作業者2",N67-N64,0) | CZ67: 休日 | DD67: =IF(Q64="作業者3",N67-N64,0) | DJ67: 休日 | DN67: =IF(Q64="作業者4",N67-N64,0) | DT67: 休日 | DX67: =IF(Q64="作業者5",N67-N64,0)
B69: 月／日 | E69: 移 動 | H69: 作業内 (平日) | K69: 作業外 (平日) | N69: 休日 | Q69: 作業者 | T69: 場 所 | W69: 作 業 内 容 | CF69: 所要時間 作業者1 | CP69: 所要時間 作業者2 | CZ69: 所要時間 作業者3 | DJ69: 所要時間 作業者4 | DT69: 所要時間 作業者5
CF71: 移動 | CJ71: =IF(Q71="作業者1",E74-E71,0) | CP71: 移動 | CT71: =IF(Q71="作業者2",E74-E71,0) | CZ71: 移動 | DD71: =IF(Q71="作業者3",E74-E71,0) | DJ71: 移動 | DN71: =IF(Q71="作業者4",E74-E71,0) | DT71: 移動 | DX71: =IF(Q71="作業者5",E74-E71,0)
F72: ～ | I72: ～ | L72: ～ | O72: ～ | CF72: 時間内 | CJ72: =IF(Q71="作業者1",H74-H71,0) | CP72: 時間内 | CT72: =IF(Q71="作業者2",H74-H71,0) | CZ72: 時間内 | DD72: =IF(Q71="作業者3",H74-H71,0) | DJ72: 時間内 | DN72: =IF(Q71="作業者4",H74-H71,0) | DT72: 時間内 | DX72: =IF(Q71="作業者5",H74-H71,0)
CF73: 時間外 | CJ73: =IF(Q71="作業者1",K74-K71,0) | CP73: 時間外 | CT73: =IF(Q71="作業者2",K74-K71,0) | CZ73: 時間外 | DD73: =IF(Q71="作業者3",K74-K71,0) | DJ73: 時間外 | DN73: =IF(Q71="作業者4",K74-K71,0) | DT73: 時間外 | DX73: =IF(Q71="作業者5",K74-K71,0)
CF74: 休日 | CJ74: =IF(Q71="作業者1",N74-N71,0) | CP74: 休日 | CT74: =IF(Q71="作業者2",N74-N71,0) | CZ74: 休日 | DD74: =IF(Q71="作業者3",N74-N71,0) | DJ74: 休日 | DN74: =IF(Q71="作業者4",N74-N71,0) | DT74: 休日 | DX74: =IF(Q71="作業者5",N74-N71,0)
CF75: 移動 | CJ75: =IF(Q75="作業者1",E78-E75,0) | CP75: 移動 | CT75: =IF(Q75="作業者2",E78-E75,0) | CZ75: 移動 | DD75: =IF(Q75="作業者3",E78-E75,0) | DJ75: 移動 | DN75: =IF(Q75="作業者4",E78-E75,0) | DT75: 移動 | DX75: =IF(Q75="作業者5",E78-E75,0)
F76: ～ | I76: ～ | L76: ～ | O76: ～ | CF76: 時間内 | CJ76: =IF(Q75="作業者1",H78-H75,0) | CP76: 時間内 | CT76: =IF(Q75="作業者2",H78-H75,0) | CZ76: 時間内 | DD76: =IF(Q75="作業者3",H78-H75,0) | DJ76: 時間内 | DN76: =IF(Q75="作業者4",H78-H75,0) | DT76: 時間内 | DX76: =IF(Q75="作業者5",H78-H75,0)
CF77: 時間外 | CJ77: =IF(Q75="作業者1",K78-K75,0) | CP77: 時間外 | CT77: =IF(Q75="作業者2",K78-K75,0) | CZ77: 時間外 | DD77: =IF(Q75="作業者3",K78-K75,0) | DJ77: 時間外 | DN77: =IF(Q75="作業者4",K78-K75,0) | DT77: 時間外 | DX77: =IF(Q75="作業者5",K78-K75,0)
CF78: 休日 | CJ78: =IF(Q75="作業者1",N78-N75,0) | CP78: 休日 | CT78: =IF(Q75="作業者2",N78-N75,0) | CZ78: 休日 | DD78: =IF(Q75="作業者3",N78-N75,0) | DJ78: 休日 | DN78: =IF(Q75="作業者4",N78-N75,0) | DT78: 休日 | DX78: =IF(Q75="作業者5",N78-N75,0)
CF79: 移動 | CJ79: =IF(Q79="作業者1",E82-E79,0) | CP79: 移動 | CT79: =IF(Q79="作業者2",E82-E79,0) | CZ79: 移動 | DD79: =IF(Q79="作業者3",E82-E79,0) | DJ79: 移動 | DN79: =IF(Q79="作業者4",E82-E79,0) | DT79: 移動 | DX79: =IF(Q79="作業者5",E82-E79,0)
F80: ～ | I80: ～ | L80: ～ | O80: ～ | CF80: 時間内 | CJ80: =IF(Q79="作業者1",H82-H79,0) | CP80: 時間内 | CT80: =IF(Q79="作業者2",H82-H79,0) | CZ80: 時間内 | DD80: =IF(Q79="作業者3",H82-H79,0) | DJ80: 時間内 | DN80: =IF(Q79="作業者4",H82-H79,0) | DT80: 時間内 | DX80: =IF(Q79="作業者5",H82-H79,0)
CF81: 時間外 | CJ81: =IF(Q79="作業者1",K82-K79,0) | CP81: 時間外 | CT81: =IF(Q79="作業者2",K82-K79,0) | CZ81: 時間外 | DD81: =IF(Q79="作業者3",K82-K79,0) | DJ81: 時間外 | DN81: =IF(Q79="作業者4",K82-K79,0) | DT81: 時間外 | DX81: =IF(Q79="作業者5",K82-K79,0)
CF82: 休日 | CJ82: =IF(Q79="作業者1",N82-N79,0) | CP82: 休日 | CT82: =IF(Q79="作業者2",N82-N79,0) | CZ82: 休日 | DD82: =IF(Q79="作業者3",N82-N79,0) | DJ82: 休日 | DN82: =IF(Q79="作業者4",N82-N79,0) | DT82: 休日 | DX82: =IF(Q79="作業者5",N82-N79,0)
CF83: 移動 | CJ83: =IF(Q83="作業者1",E86-E83,0) | CP83: 移動 | CT83: =IF(Q83="作業者2",E86-E83,0) | CZ83: 移動 | DD83: =IF(Q83="作業者3",E86-E83,0) | DJ83: 移動 | DN83: =IF(Q83="作業者4",E86-E83,0) | DT83: 移動 | DX83: =IF(Q83="作業者5",E86-E83,0)
F84: ～ | I84: ～ | L84: ～ | O84: ～ | CF84: 時間内 | CJ84: =IF(Q83="作業者1",H86-H83,0) | CP84: 時間内 | CT84: =IF(Q83="作業者2",H86-H83,0) | CZ84: 時間内 | DD84: =IF(Q83="作業者3",H86-H83,0) | DJ84: 時間内 | DN84: =IF(Q83="作業者4",H86-H83,0) | DT84: 時間内 | DX84: =IF(Q83="作業者5",H86-H83,0)
CF85: 時間外 | CJ85: =IF(Q83="作業者1",K86-K83,0) | CP85: 時間外 | CT85: =IF(Q83="作業者2",K86-K83,0) | CZ85: 時間外 | DD85: =IF(Q83="作業者3",K86-K83,0) | DJ85: 時間外 | DN85: =IF(Q83="作業者4",K86-K83,0) | DT85: 時間外 | DX85: =IF(Q83="作業者5",K86-K83,0)
CF86: 休日 | CJ86: =IF(Q83="作業者1",N86-N83,0) | CP86: 休日 | CT86: =IF(Q83="作業者2",N86-N83,0) | CZ86: 休日 | DD86: =IF(Q83="作業者3",N86-N83,0) | DJ86: 休日 | DN86: =IF(Q83="作業者4",N86-N83,0) | DT86: 休日 | DX86: =IF(Q83="作業者5",N86-N83,0)
CF87: 移動 | CJ87: =IF(Q87="作業者1",E90-E87,0) | CP87: 移動 | CT87: =IF(Q87="作業者2",E90-E87,0) | CZ87: 移動 | DD87: =IF(Q87="作業者3",E90-E87,0) | DJ87: 移動 | DN87: =IF(Q87="作業者4",E90-E87,0) | DT87: 移動 | DX87: =IF(Q87="作業者5",E90-E87,0)
F88: ～ | I88: ～ | L88: ～ | O88: ～ | CF88: 時間内 | CJ88: =IF(Q87="作業者1",H90-H87,0) | CP88: 時間内 | CT88: =IF(Q87="作業者2",H90-H87,0) | CZ88: 時間内 | DD88: =IF(Q87="作業者3",H90-H87,0) | DJ88: 時間内 | DN88: =IF(Q87="作業者4",H90-H87,0) | DT88: 時間内 | DX88: =IF(Q87="作業者5",H90-H87,0)
CF89: 時間外 | CJ89: =IF(Q87="作業者1",K90-K87,0) | CP89: 時間外 | CT89: =IF(Q87="作業者2",K90-K87,0) | CZ89: 時間外 | DD89: =IF(Q87="作業者3",K90-K87,0) | DJ89: 時間外 | DN89: =IF(Q87="作業者4",K90-K87,0) | DT89: 時間外 | DX89: =IF(Q87="作業者5",K90-K87,0)
CF90: 休日 | CJ90: =IF(Q87="作業者1",N90-N87,0) | CP90: 休日 | CT90: =IF(Q87="作業者2",N90-N87,0) | CZ90: 休日 | DD90: =IF(Q87="作業者3",N90-N87,0) | DJ90: 休日 | DN90: =IF(Q87="作業者4",N90-N87,0) | DT90: 休日 | DX90: =IF(Q87="作業者5",N90-N87,0)
CF91: 移動 | CJ91: =IF(Q91="作業者1",E94-E91,0) | CP91: 移動 | CT91: =IF(Q91="作業者2",E94-E91,0) | CZ91: 移動 | DD91: =IF(Q91="作業者3",E94-E91,0) | DJ91: 移動 | DN91: =IF(Q91="作業者4",E94-E91,0) | DT91: 移動 | DX91: =IF(Q91="作業者5",E94-E91,0)
F92: ～ | I92: ～ | L92: ～ | O92: ～ | CF92: 時間内 | CJ92: =IF(Q91="作業者1",H94-H91,0) | CP92: 時間内 | CT92: =IF(Q91="作業者2",H94-H91,0) | CZ92: 時間内 | DD92: =IF(Q91="作業者3",H94-H91,0) | DJ92: 時間内 | DN92: =IF(Q91="作業者4",H94-H91,0) | DT92: 時間内 | DX92: =IF(Q91="作業者5",H94-H91,0)
CF93: 時間外 | CJ93: =IF(Q91="作業者1",K94-K91,0) | CP93: 時間外 | CT93: =IF(Q91="作業者2",K94-K91,0) | CZ93: 時間外 | DD93: =IF(Q91="作業者3",K94-K91,0) | DJ93: 時間外 | DN93: =IF(Q91="作業者4",K94-K91,0) | DT93: 時間外 | DX93: =IF(Q91="作業者5",K94-K91,0)
CF94: 休日 | CJ94: =IF(Q91="作業者1",N94-N91,0) | CP94: 休日 | CT94: =IF(Q91="作業者2",N94-N91,0) | CZ94: 休日 | DD94: =IF(Q91="作業者3",N94-N91,0) | DJ94: 休日 | DN94: =IF(Q91="作業者4",N94-N91,0) | DT94: 休日 | DX94: =IF(Q91="作業者5",N94-N91,0)
CF95: 移動 | CJ95: =IF(Q95="作業者1",E98-E95,0) | CP95: 移動 | CT95: =IF(Q95="作業者2",E98-E95,0) | CZ95: 移動 | DD95: =IF(Q95="作業者3",E98-E95,0) | DJ95: 移動 | DN95: =IF(Q95="作業者4",E98-E95,0) | DT95: 移動 | DX95: =IF(Q95="作業者5",E98-E95,0)
F96: ～ | I96: ～ | L96: ～ | O96: ～ | CF96: 時間内 | CJ96: =IF(Q95="作業者1",H98-H95,0) | CP96: 時間内 | CT96: =IF(Q95="作業者2",H98-H95,0) | CZ96: 時間内 | DD96: =IF(Q95="作業者3",H98-H95,0) | DJ96: 時間内 | DN96: =IF(Q95="作業者4",H98-H95,0) | DT96: 時間内 | DX96: =IF(Q95="作業者5",H98-H95,0)
CF97: 時間外 | CJ97: =IF(Q95="作業者1",K98-K95,0) | CP97: 時間外 | CT97: =IF(Q95="作業者2",K98-K95,0) | CZ97: 時間外 | DD97: =IF(Q95="作業者3",K98-K95,0) | DJ97: 時間外 | DN97: =IF(Q95="作業者4",K98-K95,0) | DT97: 時間外 | DX97: =IF(Q95="作業者5",K98-K95,0)
CF98: 休日 | CJ98: =IF(Q95="作業者1",N98-N95,0) | CP98: 休日 | CT98: =IF(Q95="作業者2",N98-N95,0) | CZ98: 休日 | DD98: =IF(Q95="作業者3",N98-N95,0) | DJ98: 休日 | DN98: =IF(Q95="作業者4",N98-N95,0) | DT98: 休日 | DX98: =IF(Q95="作業者5",N98-N95,0)
CF99: 移動 | CJ99: =IF(Q99="作業者1",E102-E99,0) | CP99: 移動 | CT99: =IF(Q99="作業者2",E102-E99,0) | CZ99: 移動 | DD99: =IF(Q99="作業者3",E102-E99,0) | DJ99: 移動 | DN99: =IF(Q99="作業者4",E102-E99,0) | DT99: 移動 | DX99: =IF(Q99="作業者5",E102-E99,0)
F100: ～ | I100: ～ | L100: ～ | O100: ～ | CF100: 時間内 | CJ100: =IF(Q99="作業者1",H102-H99,0) | CP100: 時間内 | CT100: =IF(Q99="作業者2",H102-H99,0) | CZ100: 時間内 | DD100: =IF(Q99="作業者3",H102-H99,0) | DJ100: 時間内 | DN100: =IF(Q99="作業者4",H102-H99,0) | DT100: 時間内 | DX100: =IF(Q99="作業者5",H102-H99,0)
CF101: 時間外 | CJ101: =IF(Q99="作業者1",K102-K99,0) | CP101: 時間外 | CT101: =IF(Q99="作業者2",K102-K99,0) | CZ101: 時間外 | DD101: =IF(Q99="作業者3",K102-K99,0) | DJ101: 時間外 | DN101: =IF(Q99="作業者4",K102-K99,0) | DT101: 時間外 | DX101: =IF(Q99="作業者5",K102-K99,0)
CF102: 休日 | CJ102: =IF(Q99="作業者1",N102-N99,0) | CP102: 休日 | CT102: =IF(Q99="作業者2",N102-N99,0) | CZ102: 休日 | DD102: =IF(Q99="作業者3",N102-N99,0) | DJ102: 休日 | DN102: =IF(Q99="作業者4",N102-N99,0) | DT102: 休日 | DX102: =IF(Q99="作業者5",N102-N99,0)
CF103: 移動 | CJ103: =IF(Q103="作業者1",E106-E103,0) | CP103: 移動 | CT103: =IF(Q103="作業者2",E106-E103,0) | CZ103: 移動 | DD103: =IF(Q103="作業者3",E106-E103,0) | DJ103: 移動 | DN103: =IF(Q103="作業者4",E106-E103,0) | DT103: 移動 | DX103: =IF(Q103="作業者5",E106-E103,0)
F104: ～ | I104: ～ | L104: ～ | O104: ～ | CF104: 時間内 | CJ104: =IF(Q103="作業者1",H106-H103,0) | CP104: 時間内 | CT104: =IF(Q103="作業者2",H106-H103,0) | CZ104: 時間内 | DD104: =IF(Q103="作業者3",H106-H103,0) | DJ104: 時間内 | DN104: =IF(Q103="作業者4",H106-H103,0) | DT104: 時間内 | DX104: =IF(Q103="作業者5",H106-H103,0)
...

Sheet 材料持出表
A1: 船 名 | D1: =作業報告書!C5 | P1: 科 目 | S1: =作業報告書!Y5 | AE1: 型 名 | AT1: 完成月日
A2: 氏 名 | G2: 平 日 時 間 (内) | M2: 工 賃(@7,000) | S2: 平 日 時 間 (外) | Y2: 休 日 労 働 時 間 | AE2: 工 賃(@8,400) | AK2: 移 動 時 間 | AO2: 移動費(×0.8) | AU2: 備 考
G3: =SUM('作業報告書:作業報告書 (END)'!CJ139) | M3: =(G3*24)*7000 | S3: =SUM('作業報告書:作業報告書 (END)'!CJ140) | Y3: =SUM('作業報告書:作業報告書 (END)'!CJ141) | AE3: =(S3*24+Y3*24)*8400 | AK3: =SUM('作業報告書:作業報告書 (END)'!CJ138) | AO3: =(AK3*24)*5600
G4: =SUM('作業報告書:作業報告書 (END)'!CT139) | M4: =(G4*24)*7000 | S4: =SUM('作業報告書:作業報告書 (END)'!CT140) | Y4: =SUM('作業報告書:作業報告書 (END)'!CT141) | AE4: =(S4*24+Y4*24)*8400 | AK4: =SUM('作業報告書:作業報告書 (END)'!CT138) | AO4: =(AK4*24)*5600
G5: =SUM('作業報告書:作業報告書 (END)'!DD139) | M5: =(G5*24)*7000 | S5: =SUM('作業報告書:作業報告書 (END)'!DD140) | Y5: =SUM('作業報告書:作業報告書 (END)'!DD141) | AE5: =(S5*24+Y5*24)*8400 | AK5: =SUM('作業報告書:作業報告書 (END)'!DD138) | AO5: =(AK5*24)*5600
G6: =SUM('作業報告書:作業報告書 (END)'!DN139) | M6: =(G6*24)*7000 | S6: =SUM('作業報告書:作業報告書 (END)'!DN140) | Y6: =SUM('作業報告書:作業報告書 (END)'!DN141) | AE6: =(S6*24+Y6*24)*8400 | AK6: =SUM('作業報告書:作業報告書 (END)'!DN138) | AO6: =(AK6*24)*5600
G7: =SUM('作業報告書:作業報告書 (END)'!DX139) | M7: =(G7*24)*7000 | S7: =SUM('作業報告書:作業報告書 (END)'!DX140) | Y7: =SUM('作業報告書:作業報告書 (END)'!DX141) | AE7: =(S7*24+Y7*24)*8400 | AK7: =SUM('作業報告書:作業報告書 (END)'!DX138) | AO7: =(AK7*24)*5600
M8: =(G8*24)*7000 | AE8: =(S8*24+Y8*24)*8400 | AO8: =(AK8*24)*5600
A9: 合計 | G9: =SUM(G3:L8) | M9: =SUM(M3:R8) | S9: =SUM(S3:X8) | Y9: =SUM(Y3:AD8) | AE9: =SUM(AE3:AJ8) | AK9: =SUM(AK3:AN8) | AO9: =SUM(AO3:AT8)
A10: 材 料 持 出 表
A11: 月 / 日 | E11: 品 名 | M11: 型 式 | U11: 在 庫 | X11: 仕 入 先 | AB11: 数 量 | AF11: 仕 入 単 価 | AJ11: 仕 入 合 計 | AO11: 売 値 単 価 | AS11: 売 値 合 計 | AX11: 送 料
AJ12: =SUM(AF12*AB12) | AS12: =SUM(AO12*AB12)
AJ13: =SUM(AF13*AB13) | AS13: =SUM(AO13*AB13)
AJ14: =SUM(AF14*AB14) | AS14: =SUM(AO14*AB14)
AJ15: =SUM(AF15*AB15) | AS15: =SUM(AO15*AB15)
AJ16: =SUM(AF16*AB16) | AS16: =SUM(AO16*AB16)
AJ17: =SUM(AF17*AB17) | AS17: =SUM(AO17*AB17)
AJ18: =SUM(AF18*AB18) | AS18: =SUM(AO18*AB18)
AJ19: =SUM(AF19*AB19) | AS19: =SUM(AO19*AB19)
AJ20: =SUM(AF20*AB20) | AS20: =SUM(AO20*AB20)
AJ21: =SUM(AF21*AB21) | AS21: =SUM(AO21*AB21)
AJ22: =SUM(AF22*AB22) | AS22: =SUM(AO22*AB22)
AJ23: =SUM(AF23*AB23) | AS23: =SUM(AO23*AB23)
AJ24: =SUM(AF24*AB24) | AS24: =SUM(AO24*AB24)
U25: 持 出 者 | AF25: 仕 入 合 計 | AO25: 売 値 合 計
D27: ✓ | H27: ﾓﾉﾀﾛｳ
D28: 在庫外 | H28: ｱﾏｿﾞﾝ
H29: ﾊｰﾄﾞｽﾄｯｸ
H30: JRC
H31: 神田ｴﾚｸﾄﾛﾆｸｽ
H32: 大野電子
H33: 緑星社
H34: 三菱電機特機ｼｽﾃﾑ㈱
H35: ｴﾝﾁｮｳ
H36: RS
H37: ﾏﾙﾂ
H38: ｴﾃﾞｨｵﾝ
H39: K'sﾃﾞﾝｷ
H40: ｶｰﾏ

Sheet 材料持出表 (2)
A1: 材 料 持 出 表
A2: 月 / 日 | E2: 品 名 | M2: 型 式 | U2: 在 庫 | X2: 仕 入 先 | AB2: 数 量 | AF2: 仕 入 単 価 | AJ2: 仕 入 合 計 | AO2: 売 値 単 価 | AS2: 売 値 合 計 | AX2: 送 料
AJ3: =SUM(AF3*AB3) | AS3: =SUM(AO3*AB3)
AJ4: =SUM(AF4*AB4) | AS4: =SUM(AO4*AB4)
AJ5: =SUM(AF5*AB5) | AS5: =SUM(AO5*AB5)
AJ6: =SUM(AF6*AB6) | AS6: =SUM(AO6*AB6)
AJ7: =SUM(AF7*AB7) | AS7: =SUM(AO7*AB7)
AJ8: =SUM(AF8*AB8) | AS8: =SUM(AO8*AB8)
AJ9: =SUM(AF9*AB9) | AS9: =SUM(AO9*AB9)
AJ10: =SUM(AF10*AB10) | AS10: =SUM(AO10*AB10)
AJ11: =SUM(AF11*AB11) | AS11: =SUM(AO11*AB11)
AJ12: =SUM(AF12*AB12) | AS12: =SUM(AO12*AB12)
AJ13: =SUM(AF13*AB13) | AS13: =SUM(AO13*AB13)
AJ14: =SUM(AF14*AB14) | AS14: =SUM(AO14*AB14)
... AJ25: =SUM(AF25*AB25) | AS25: =SUM(AO25*AB25)
U26: 持 出 者 | AF26: 仕 入 合 計 | AO26: 売 値 合 計
D28: ✓ | H28: ﾓﾉﾀﾛｳ
D29: 在庫外 | H29: ｱﾏｿﾞﾝ
H30: ﾊｰﾄﾞｽﾄｯｸ
H31: JRC
H32: 神田ｴﾚｸﾄﾛﾆｸｽ
H33: 大野電子
H34: 緑星社
H35: 三菱電機特機ｼｽﾃﾑ㈱
H36: ｴﾝﾁｮｳ
H37: RS
H38: ﾏﾙﾂ
H39: ｴﾃﾞｨｵﾝ
H40: K'sﾃﾞﾝｷ
H41: ｶｰﾏ

Sheet 材料持出表 (3)
A1: 材 料 持 出 表
A2: 月 / 日 | E2: 品 名 | M2: 型 式 | U2: 在 庫 | X2: 仕 入 先 | AB2: 数 量 | AF2: 仕 入 単 価 | AJ2: 仕 入 合 計 | AO2: 売 値 単 価 | AS2: 売 値 合 計 | AX2: 送 料
AJ3: =SUM(AF3*AB3) | AS3: =SUM(AO3*AB3)
AJ4: =SUM(AF4*AB4) | AS4: =SUM(AO4*AB4)
AJ5: =SUM(AF5*AB5) | AS5: =SUM(AO5*AB5)
AJ6: =SUM(AF6*AB6) | AS6: =SUM(AO6*AB6)
AJ7: =SUM(AF7*AB7) | AS7: =SUM(AO7*AB7)
AJ8: =SUM(AF8*AB8) | AS8: =SUM(AO8*AB8)
AJ9: =SUM(AF9*AB9) | AS9: =SUM(AO9*AB9)
AJ10: =SUM(AF10*AB10) | AS10: =SUM(AO10*AB10)
AJ11: =SUM(AF11*AB11) | AS11: =SUM(AO11*AB11)
AJ12: =SUM(AF12*AB12) | AS12: =SUM(AO12*AB12)
AJ13: =SUM(AF13*AB13) | AS13: =SUM(AO13*AB13)
AJ14: =SUM(AF14*AB14) | AS14: =SUM(AO14*AB14)
... AJ25: =SUM(AF25*AB25) | AS25: =SUM(AO25*AB25)
U26: 持 出 者 | AF26: 仕 入 合 計 | AO26: 売 値 合 計
D28: ✓ | H28: ﾓﾉﾀﾛｳ
H29: ｱﾏｿﾞﾝ
H30: ﾊｰﾄﾞｽﾄｯｸ
H31: JRC
H32: 神田ｴﾚｸﾄﾛﾆｸｽ
H33: 大野電子
H34: 緑星社
H35: 三菱電機特機ｼｽﾃﾑ㈱
H36: ｴﾝﾁｮｳ
H37: RS
H38: ﾏﾙﾂ
H39: ｴﾃﾞｨｵﾝ
H40: K'sﾃﾞﾝｷ
H41: ｶｰﾏ

Sheet 材料持出表 (4)
A1: 材 料 持 出 表
A2: 月 / 日 | E2: 品 名 | M2: 型 式 | U2: 在 庫 | X2: 仕 入 先 | AB2: 数 量 | AF2: 仕 入 単 価 | AJ2: 仕 入 合 計 | AO2: 売 値 単 価 | AS2: 売 値 合 計 | AX2: 送 料
AJ3: =SUM(AF3*AB3) | AS3: =SUM(AO3*AB3)
AJ4: =SUM(AF4*AB4) | AS4: =SUM(AO4*AB4)
AJ5: =SUM(AF5*AB5) | AS5: =SUM(AO5*AB5)
AJ6: =SUM(AF6*AB6) | AS6: =SUM(AO6*AB6)
AJ7: =SUM(AF7*AB7) | AS7: =SUM(AO7*AB7)
AJ8: =SUM(AF8*AB8) | AS8: =SUM(AO8*AB8)
AJ9: =SUM(AF9*AB9) | AS9: =SUM(AO9*AB9)
AJ10: =SUM(AF10*AB10) | AS10: =SUM(AO10*AB10)
AJ11: =SUM(AF11*AB11) | AS11: =SUM(AO11*AB11)
AJ12: =SUM(AF12*AB12) | AS12: =SUM(AO12*AB12)
AJ13: =SUM(AF13*AB13) | AS13: =SUM(AO13*AB13)
AJ14: =SUM(AF14*AB14) | AS14: =SUM(AO14*AB14)
... AJ25: =SUM(AF25*AB25) | AS25: =SUM(AO25*AB25)
U26: 持 出 者 | AF26: 仕 入 合 計 | AO26: 売 値 合 計
D28: ✓ | H28: ﾓﾉﾀﾛｳ
H29: ｱﾏｿﾞﾝ
H30: ﾊｰﾄﾞｽﾄｯｸ
H31: JRC
H32: 神田ｴﾚｸﾄﾛﾆｸｽ
H33: 大野電子
H34: 緑星社
H35: 三菱電機特機ｼｽﾃﾑ㈱
H36: ｴﾝﾁｮｳ
H37: RS
H38: ﾏﾙﾂ
H39: ｴﾃﾞｨｵﾝ
H40: K'sﾃﾞﾝｷ
H41: ｶｰﾏ
